row,dt,spot,sigma,factor,p_up,call_pct_0.01,put_pct_0.01,call_pct_0.02,put_pct_0.02,call_pct_0.05,put_pct_0.05,call_pct_0.10,put_pct_0.10,call_pct_0.20,put_pct_0.20
60604,2024-07-01 17:00:00+00:00,63035.0,0.02061,0.9623532572797946,0.5103,7.244,-6.733,5.897,-5.565,4.354,-4.151,3.401,-3.303,2.446,-2.397
60628,2024-07-02 17:00:00+00:00,61847.0,0.01966,0.9652860795808917,0.5059,7.217,-6.979,5.816,-5.713,4.236,-4.205,3.365,-3.348,2.374,-2.413
60652,2024-07-03 17:00:00+00:00,60419.0,0.0215,0.9593980359233463,0.5051,7.396,-7.208,6.022,-5.97,4.416,-4.425,3.429,-3.498,2.45,-2.529
60676,2024-07-04 17:00:00+00:00,58256.0,0.02626,0.9755406914830362,0.5027,8.658,-8.424,7.054,-6.96,5.179,-5.175,3.949,-4.066,2.893,-2.957
60700,2024-07-05 17:00:00+00:00,56454.0,0.03215,0.9843705320828129,0.503,9.758,-9.518,7.969,-7.869,5.939,-5.904,4.572,-4.567,3.416,-3.44
60724,2024-07-06 17:00:00+00:00,57859.0,0.02206,0.9843705320828129,0.4637,6.948,-6.709,5.772,-5.622,4.37,-4.306,3.385,-3.365,2.52,-2.527
60748,2024-07-07 17:00:00+00:00,57110.0,0.025099999999999997,0.983824056741119,0.4957,8.784,-8.432,7.158,-7.002,5.252,-5.213,4.053,-4.123,2.906,-2.976
60772,2024-07-08 17:00:00+00:00,55789.0,0.039740000000000004,0.9848527174377301,0.5172,13.102,-12.287,10.787,-10.297,8.037,-7.825,6.166,-6.079,4.547,-4.535
60796,2024-07-09 17:00:00+00:00,57696.0,0.03004,0.989716124342763,0.4951,9.819,-9.135,8.203,-7.729,6.247,-5.98,4.862,-4.709,3.621,-3.55
60820,2024-07-10 17:00:00+00:00,57694.0,0.02651,0.9809387980032381,0.4938,8.805,-8.401,7.34,-7.09,5.555,-5.444,4.307,-4.263,3.191,-3.191
60844,2024-07-11 17:00:00+00:00,57652.0,0.02828,0.9809387980032381,0.4883,9.176,-8.796,7.551,-7.333,5.633,-5.545,4.327,-4.298,3.197,-3.205
60868,2024-07-12 17:00:00+00:00,58165.0,0.02282,0.9843705320828129,0.4866,7.141,-6.917,5.906,-5.767,4.466,-4.397,3.463,-3.433,2.587,-2.584
60892,2024-07-13 17:00:00+00:00,58630.0,0.01895,0.9772564001690158,0.4986,6.19,-5.969,5.151,-5.003,3.902,-3.822,3.027,-2.983,2.249,-2.234
60916,2024-07-14 17:00:00+00:00,60123.0,0.0241,0.9755406914830362,0.5049,8.086,-7.562,6.683,-6.318,5.018,-4.804,3.876,-3.768,2.87,-2.802
60940,2024-07-15 17:00:00+00:00,63501.0,0.02754,0.9772564001690158,0.5169,9.265,-8.39,7.662,-7.019,5.746,-5.344,4.433,-4.171,3.281,-3.127
60964,2024-07-16 17:00:00+00:00,64510.0,0.03347,0.9962326117220108,0.5132,11.739,-10.79,9.568,-9.002,7.036,-6.754,5.386,-5.365,3.935,-3.915
60988,2024-07-17 17:00:00+00:00,64270.0,0.030979999999999997,1.0010130909965906,0.5076,11.03,-10.221,8.957,-8.487,6.557,-6.334,5.067,-5.034,3.632,-3.656
61012,2024-07-18 17:00:00+00:00,63898.0,0.02505,1.0010130909965906,0.5088,8.489,-8.112,6.934,-6.731,5.102,-5.018,3.916,-3.97,2.852,-2.888
61036,2024-07-19 17:00:00+00:00,66469.0,0.0245,0.9843705320828129,0.5087,8.096,-7.461,6.59,-6.146,4.866,-4.597,3.743,-3.666,2.756,-2.673
61060,2024-07-20 17:00:00+00:00,66850.0,0.01941,0.9809387980032381,0.5242,6.439,-6.178,5.344,-5.174,4.031,-3.939,3.117,-3.069,2.309,-2.293
61084,2024-07-21 17:00:00+00:00,67579.0,0.02188,0.9760740657320209,0.5186,7.559,-7.1,6.203,-5.916,4.611,-4.453,3.542,-3.532,2.607,-2.571
61108,2024-07-22 17:00:00+00:00,67071.0,0.026789999999999998,0.9843705320828129,0.5208,9.348,-8.787,7.652,-7.329,5.675,-5.521,4.36,-4.389,3.209,-3.198
61132,2024-07-23 17:00:00+00:00,65886.0,0.026949999999999998,0.96849880196413,0.5152,9.688,-9.192,7.811,-7.566,5.681,-5.593,4.499,-4.457,3.161,-3.219
61156,2024-07-24 17:00:00+00:00,66408.0,0.02355,0.9760740657320209,0.5018,8.267,-7.892,6.756,-6.564,4.995,-4.922,3.842,-3.906,2.796,-2.842
61180,2024-07-25 17:00:00+00:00,64844.0,0.0252,0.9843705320828129,0.5159,7.854,-7.749,6.452,-6.432,4.826,-4.851,3.72,-3.756,2.766,-2.808
61204,2024-07-26 17:00:00+00:00,67401.0,0.02137,1.0149722075617422,0.5068,6.728,-6.399,5.549,-5.323,4.19,-4.059,3.254,-3.179,2.433,-2.399
61228,2024-07-27 17:00:00+00:00,68700.0,0.01915,0.9809387980032381,0.5198,6.242,-5.998,5.153,-4.995,3.882,-3.795,3.008,-2.979,2.237,-2.218
61252,2024-07-28 17:00:00+00:00,67670.0,0.02603,0.9809387980032381,0.5296,7.802,-7.561,6.57,-6.413,5.067,-4.986,3.984,-3.943,2.975,-2.996
61276,2024-07-29 17:00:00+00:00,66921.0,0.02622,0.9809387980032381,0.5113,8.695,-8.294,7.231,-6.976,5.451,-5.33,4.222,-4.165,3.133,-3.117
61300,2024-07-30 17:00:00+00:00,66156.0,0.02434,0.9809387980032381,0.5068,8.324,-7.959,6.889,-6.688,5.168,-5.089,3.994,-3.992,2.952,-2.958
61324,2024-07-31 17:00:00+00:00,66346.0,0.02344,0.96849880196413,0.5001,8.017,-7.694,6.631,-6.465,4.97,-4.916,3.836,-3.856,2.831,-2.851
61348,2024-08-01 17:00:00+00:00,62860.0,0.025939999999999998,0.9809387980032381,0.529,8.495,-8.34,6.918,-6.889,5.093,-5.13,3.898,-4.046,2.866,-2.947
61372,2024-08-02 17:00:00+00:00,63244.0,0.02642,0.9809387980032381,0.4985,8.291,-8.037,6.771,-6.65,5.065,-5.029,3.911,-3.931,2.919,-2.944
61396,2024-08-03 17:00:00+00:00,60865.0,0.028290000000000003,0.9843705320828129,0.5141,9.068,-8.875,7.381,-7.335,5.452,-5.483,4.174,-4.302,3.087,-3.15
61420,2024-08-04 17:00:00+00:00,58619.0,0.02864,1.0019707172231385,0.5071,9.708,-9.371,7.929,-7.798,5.845,-5.841,4.484,-4.629,3.281,-3.356
61444,2024-08-05 17:00:00+00:00,54088.0,0.07511999999999999,1.0164588930110399,0.5424,24.897,-21.293,20.208,-17.893,14.997,-13.782,11.504,-10.833,8.544,-8.23
61468,2024-08-06 17:00:00+00:00,56806.0,0.05082,1.031708407165688,0.4852,16.537,-14.747,13.743,-12.53,10.426,-9.761,8.097,-7.72,6.042,-5.864
61492,2024-08-07 17:00:00+00:00,56142.0,0.04394,1.0149722075617422,0.4954,14.798,-13.581,12.275,-11.506,9.216,-8.868,7.09,-6.946,5.218,-5.194
61516,2024-08-08 17:00:00+00:00,59599.0,0.044039999999999996,1.0209224610234866,0.4055,13.344,-11.91,11.042,-10.032,8.301,-7.736,6.436,-6.112,4.839,-4.672
61540,2024-08-09 17:00:00+00:00,60470.0,0.03875,1.0385846593383274,0.4564,11.76,-10.749,9.791,-9.074,7.444,-7.025,5.803,-5.558,4.369,-4.247
61564,2024-08-10 17:00:00+00:00,60683.0,0.02633,1.031708407165688,0.5076,8.224,-7.701,6.95,-6.555,5.356,-5.11,4.199,-4.043,3.091,-3.056
61588,2024-08-11 17:00:00+00:00,60202.0,0.02552,1.0164588930110399,0.5044,8.537,-8.042,7.127,-6.783,5.417,-5.217,4.21,-4.087,3.13,-3.067
61612,2024-08-12 17:00:00+00:00,59618.0,0.03778,1.0149722075617422,0.5103,11.938,-10.977,9.999,-9.307,7.689,-7.258,6.031,-5.753,4.547,-4.393
61636,2024-08-13 17:00:00+00:00,61187.0,0.033549999999999996,1.0261249283413676,0.4983,11.108,-10.238,9.295,-8.684,7.1,-6.75,5.544,-5.338,4.142,-4.042
61660,2024-08-14 17:00:00+00:00,59154.0,0.03352,1.0092015705567432,0.5093,11.369,-10.741,9.409,-9.041,7.038,-6.888,5.417,-5.368,3.991,-4.001
61684,2024-08-15 17:00:00+00:00,59549.0,0.028130000000000002,1.0164588930110399,0.4777,8.98,-8.568,7.434,-7.183,5.597,-5.484,4.322,-4.278,3.207,-3.204
61708,2024-08-16 17:00:00+00:00,58585.0,0.03077,1.0261249283413676,0.4838,9.359,-8.989,7.749,-7.537,5.886,-5.781,4.582,-4.537,3.448,-3.445
61732,2024-08-17 17:00:00+00:00,59615.0,0.01991,1.0199458569588207,0.4927,6.446,-6.154,5.414,-5.208,4.155,-4.041,3.247,-3.183,2.425,-2.403
61756,2024-08-18 17:00:00+00:00,59836.0,0.02077,1.0019707172231385,0.4968,7.054,-6.719,5.906,-5.685,4.497,-4.38,3.5,-3.437,2.597,-2.577
61780,2024-08-19 17:00:00+00:00,58716.0,0.02618,1.0054669116540216,0.5004,8.678,-8.326,7.224,-7.016,5.465,-5.377,4.24,-4.206,3.147,-3.15
61804,2024-08-20 17:00:00+00:00,58817.0,0.028919999999999998,1.0042406766188627,0.5013,9.695,-9.09,8.116,-7.709,6.188,-5.97,4.824,-4.707,3.593,-3.548
61828,2024-08-21 17:00:00+00:00,59863.0,0.02541,0.9923268310435256,0.4872,8.156,-7.802,6.825,-6.598,5.216,-5.105,4.068,-4.02,3.038,-3.031
61852,2024-08-22 17:00:00+00:00,60346.0,0.024940000000000004,1.0057665733365087,0.4837,7.957,-7.625,6.601,-6.395,5.005,-4.901,3.889,-3.841,2.903,-2.893
61876,2024-08-23 17:00:00+00:00,61744.0,0.024460000000000003,1.0019707172231385,0.4809,7.373,-7.069,6.104,-5.908,4.627,-4.51,3.599,-3.532,2.705,-2.675
61900,2024-08-24 17:00:00+00:00,64309.0,0.02239,1.0019707172231385,0.5154,7.082,-6.555,5.95,-5.536,4.581,-4.309,3.59,-3.408,2.7,-2.594
61924,2024-08-25 17:00:00+00:00,64046.0,0.01951,0.9923268310435256,0.5066,6.669,-6.254,5.572,-5.265,4.235,-4.038,3.294,-3.162,2.445,-2.369
61948,2024-08-26 17:00:00+00:00,63732.0,0.02313,0.9923268310435256,0.5059,8.035,-7.586,6.705,-6.416,5.087,-4.926,3.957,-3.863,2.935,-2.892
61972,2024-08-27 17:00:00+00:00,61564.0,0.02349,1.0022703789056255,0.5031,8.122,-7.774,6.719,-6.537,5.048,-4.973,3.905,-3.912,2.886,-2.893
61996,2024-08-28 17:00:00+00:00,59206.0,0.036469999999999995,1.0022703789056255,0.536,11.864,-11.347,9.77,-9.491,7.313,-7.225,5.633,-5.617,4.17,-4.203
62020,2024-08-29 17:00:00+00:00,60327.0,0.02799,1.0149722075617422,0.489,9.031,-8.652,7.459,-7.244,5.607,-5.527,4.326,-4.308,3.206,-3.227
62044,2024-08-30 17:00:00+00:00,58549.0,0.02711,1.0051846546278858,0.5069,8.68,-8.511,7.07,-7.018,5.229,-5.248,4.0,-4.082,2.955,-3.009
62068,2024-08-31 17:00:00+00:00,58980.0,0.01836,1.0091940725783413,0.4895,6.057,-5.858,5.064,-4.942,3.847,-3.798,2.982,-2.97,2.207,-2.222
62092,2024-09-01 17:00:00+00:00,58127.0,0.02553,1.0051846546278858,0.5035,8.727,-8.352,7.214,-7.005,5.368,-5.296,4.107,-4.105,3.003,-3.025
62116,2024-09-02 17:00:00+00:00,58338.0,0.02565,1.0051846546278858,0.5076,8.791,-8.311,7.324,-7.018,5.533,-5.384,4.29,-4.216,3.175,-3.155
62140,2024-09-03 17:00:00+00:00,57688.0,0.02451,0.9878693954513458,0.5029,8.44,-8.082,6.99,-6.798,5.23,-5.163,4.025,-4.032,2.96,-2.979
62164,2024-09-04 17:00:00+00:00,58410.0,0.02981,0.984947946896968,0.5151,9.382,-9.129,7.787,-7.658,5.906,-5.877,4.584,-4.593,3.419,-3.455
62188,2024-09-05 17:00:00+00:00,56316.0,0.02854,0.9970789709555234,0.5044,9.401,-9.074,7.667,-7.516,5.647,-5.616,4.31,-4.42,3.167,-3.223
62212,2024-09-06 17:00:00+00:00,54047.0,0.0279,0.9970789709555234,0.518,8.768,-8.62,7.159,-7.116,5.337,-5.356,4.101,-4.14,3.048,-3.099
62236,2024-09-07 17:00:00+00:00,54473.0,0.022160000000000003,0.9970789709555234,0.4818,6.9,-6.774,5.768,-5.71,4.414,-4.415,3.442,-3.468,2.578,-2.621
62260,2024-09-08 17:00:00+00:00,53914.0,0.02215,0.9970789709555234,0.4964,7.824,-7.518,6.41,-6.267,4.754,-4.711,3.657,-3.737,2.664,-2.709
62284,2024-09-09 17:00:00+00:00,56433.0,0.02963,1.0051846546278858,0.494,9.973,-9.242,8.272,-7.787,6.224,-5.961,4.813,-4.668,3.564,-3.5
62308,2024-09-10 17:00:00+00:00,56820.0,0.02735,1.0051846546278858,0.5025,9.512,-8.922,7.884,-7.529,5.928,-5.757,4.583,-4.517,3.382,-3.364
62332,2024-09-11 17:00:00+00:00,57314.0,0.03121,1.0064108896630446,0.4965,10.479,-9.83,8.646,-8.246,6.457,-6.272,4.972,-4.904,3.672,-3.653
62356,2024-09-12 17:00:00+00:00,58066.0,0.02606,1.0091940725783413,0.4943,8.724,-8.266,7.15,-6.874,5.296,-5.165,4.06,-4.086,2.99,-2.979
62380,2024-09-13 17:00:00+00:00,59461.0,0.0219,1.0013447690419803,0.4962,7.176,-6.679,5.884,-5.531,4.391,-4.172,3.381,-3.295,2.506,-2.433
62404,2024-09-14 17:00:00+00:00,59989.0,0.01753,0.9949540625140048,0.5098,5.898,-5.627,4.893,-4.709,3.691,-3.582,2.856,-2.807,2.113,-2.083
62428,2024-09-15 17:00:00+00:00,59959.0,0.017079999999999998,0.9699128595380249,0.5044,6.281,-5.983,5.108,-4.934,3.759,-3.666,2.948,-2.907,2.087,-2.101
62452,2024-09-16 17:00:00+00:00,57802.0,0.026070000000000003,0.984947946896968,0.5151,9.446,-8.999,7.591,-7.378,5.498,-5.426,4.36,-4.317,3.067,-3.108
62476,2024-09-17 17:00:00+00:00,60883.0,0.02783,1.0013447690419803,0.5038,9.921,-9.055,8.062,-7.505,5.924,-5.607,4.591,-4.456,3.302,-3.257
62500,2024-09-18 17:00:00+00:00,59925.0,0.02601,1.0013447690419803,0.5062,9.12,-8.68,7.479,-7.25,5.535,-5.451,4.233,-4.304,3.097,-3.141
62524,2024-09-19 17:00:00+00:00,63575.0,0.029830000000000002,1.0064108896630446,0.4909,10.105,-9.295,8.215,-7.692,6.016,-5.733,4.623,-4.554,3.358,-3.324
62548,2024-09-20 17:00:00+00:00,62883.0,0.02302,1.0036147284377046,0.5173,7.578,-7.267,6.189,-6.004,4.586,-4.495,3.525,-3.571,2.603,-2.597
62572,2024-09-21 17:00:00+00:00,63211.0,0.01732,1.0051846546278858,0.5172,6.098,-5.734,5.003,-4.765,3.728,-3.583,2.875,-2.846,2.101,-2.06
62596,2024-09-22 17:00:00+00:00,62773.0,0.01857,0.9978755110683826,0.5098,6.853,-6.472,5.541,-5.309,4.056,-3.927,3.221,-3.133,2.263,-2.262
62620,2024-09-23 17:00:00+00:00,63255.0,0.02597,1.0013447690419803,0.5169,9.259,-8.608,7.59,-7.191,5.64,-5.427,4.333,-4.308,3.179,-3.145
62644,2024-09-24 17:00:00+00:00,63291.0,0.02265,0.9950490781746166,0.5085,8.201,-7.816,6.664,-6.467,4.918,-4.838,3.859,-3.855,2.762,-2.809
62668,2024-09-25 17:00:00+00:00,63456.0,0.022269999999999998,0.9978755110683826,0.5042,7.874,-7.506,6.454,-6.252,4.811,-4.723,3.71,-3.765,2.73,-2.748
62692,2024-09-26 17:00:00+00:00,65345.0,0.022799999999999997,0.9900277594596015,0.4991,7.703,-7.28,6.269,-6.018,4.61,-4.481,3.576,-3.565,2.588,-2.597
62716,2024-09-27 17:00:00+00:00,66329.0,0.019299999999999998,0.9978755110683826,0.5171,6.499,-6.145,5.284,-5.062,3.925,-3.788,3.073,-3.031,2.236,-2.198
62740,2024-09-28 17:00:00+00:00,65538.0,0.014690000000000002,0.9900277594596015,0.524,5.105,-4.964,4.147,-4.08,3.072,-3.035,2.437,-2.421,1.734,-1.748
62764,2024-09-29 17:00:00+00:00,65774.0,0.01543,0.9900277594596015,0.5093,5.971,-5.64,4.726,-4.521,3.408,-3.306,2.701,-2.612,1.934,-1.899
62788,2024-09-30 17:00:00+00:00,63479.0,0.02059,0.9841982603066189,0.5126,7.037,-6.865,5.739,-5.687,4.26,-4.26,3.333,-3.397,2.425,-2.457
62812,2024-10-01 17:00:00+00:00,62435.0,0.025009999999999998,0.9791184477439854,0.5104,9.057,-8.682,7.261,-7.105,5.251,-5.214,4.167,-4.149,2.957,-2.998
62836,2024-10-02 17:00:00+00:00,61788.0,0.029740000000000003,0.9791184477439854,0.5085,10.376,-9.843,8.424,-8.172,6.156,-6.083,4.773,-4.823,3.413,-3.502
62860,2024-10-03 17:00:00+00:00,60152.0,0.0285,0.9791184477439854,0.509,9.811,-9.448,7.871,-7.74,5.634,-5.635,4.445,-4.453,3.14,-3.185
62884,2024-10-04 17:00:00+00:00,62242.0,0.02197,0.9791184477439854,0.4878,7.306,-7.007,5.935,-5.773,4.354,-4.286,3.382,-3.404,2.439,-2.471
62908,2024-10-05 17:00:00+00:00,61963.0,0.01486,0.9783212104754985,0.5042,5.205,-5.023,4.267,-4.166,3.169,-3.121,2.455,-2.477,1.775,-1.783
62932,2024-10-06 17:00:00+00:00,62608.0,0.01653,0.9783212104754985,0.5035,6.262,-5.841,5.038,-4.765,3.675,-3.505,2.915,-2.795,2.062,-2.017
62956,2024-10-07 17:00:00+00:00,63800.0,0.0236,0.9783212104754985,0.513,8.57,-7.876,6.964,-6.512,5.139,-4.873,4.017,-3.885,2.882,-2.829
62980,2024-10-08 17:00:00+00:00,62553.0,0.02527,0.9817012868266934,0.5129,9.059,-8.615,7.325,-7.102,5.356,-5.272,4.231,-4.206,2.989,-3.048
63004,2024-10-09 17:00:00+00:00,61766.0,0.02113,0.9817012868266934,0.5005,8.017,-7.65,6.387,-6.206,4.58,-4.517,3.605,-3.572,2.573,-2.576
63028,2024-10-10 17:00:00+00:00,60236.0,0.02247,0.9850121142300572,0.5085,8.053,-7.809,6.389,-6.317,4.517,-4.528,3.535,-3.548,2.509,-2.538
63052,2024-10-11 17:00:00+00:00,62268.0,0.02085,0.9850121142300572,0.4927,6.84,-6.602,5.557,-5.432,4.091,-4.038,3.172,-3.209,2.306,-2.326
63076,2024-10-12 17:00:00+00:00,63061.0,0.01706,0.9833123780186186,0.5032,5.517,-5.318,4.572,-4.442,3.453,-3.383,2.674,-2.639,1.987,-1.978
63100,2024-10-13 17:00:00+00:00,62614.0,0.017310000000000002,0.9833123780186186,0.5073,6.485,-6.204,5.142,-4.992,3.677,-3.612,2.898,-2.851,2.066,-2.058
63124,2024-10-14 17:00:00+00:00,65661.0,0.02577,0.9850121142300572,0.5185,9.57,-8.653,7.649,-7.057,5.519,-5.164,4.367,-4.119,3.084,-2.977
63148,2024-10-15 17:00:00+00:00,66840.0,0.03198,0.9850121142300572,0.5194,12.032,-10.875,9.613,-8.905,6.89,-6.519,5.421,-5.178,3.854,-3.737
63172,2024-10-16 17:00:00+00:00,67814.0,0.02714,0.9850121142300572,0.5092,9.563,-8.964,7.792,-7.442,5.709,-5.546,4.386,-4.396,3.165,-3.201
63196,2024-10-17 17:00:00+00:00,67373.0,0.02274,0.9850121142300572,0.5111,8.297,-7.863,6.602,-6.375,4.692,-4.594,3.678,-3.618,2.615,-2.598
63220,2024-10-18 17:00:00+00:00,68786.0,0.021419999999999998,0.9833123780186186,0.5221,7.395,-6.947,5.948,-5.672,4.323,-4.161,3.442,-3.329,2.414,-2.407
63244,2024-10-19 17:00:00+00:00,68045.0,0.01395,0.9817012868266934,0.5178,5.0,-4.824,4.062,-3.963,2.991,-2.935,2.371,-2.338,1.662,-1.68
63268,2024-10-20 17:00:00+00:00,68488.0,0.01306,0.977080052055793,0.5042,5.081,-4.778,4.04,-3.842,2.906,-2.784,2.291,-2.199,1.629,-1.584
63292,2024-10-21 17:00:00+00:00,67279.0,0.02121,0.977080052055793,0.5143,7.541,-7.227,6.104,-5.945,4.477,-4.41,3.551,-3.521,2.505,-2.541
63316,2024-10-22 17:00:00+00:00,66911.0,0.02249,0.9850121142300572,0.507,8.132,-7.669,6.591,-6.321,4.836,-4.702,3.812,-3.749,2.694,-2.714
63340,2024-10-23 17:00:00+00:00,65806.0,0.02046,0.9797289812120424,0.5024,7.76,-7.462,6.161,-6.034,4.382,-4.354,3.429,-3.42,2.434,-2.449
63364,2024-10-24 17:00:00+00:00,67519.0,0.0219,0.9850121142300572,0.4909,7.794,-7.333,6.206,-5.942,4.415,-4.283,3.468,-3.381,2.473,-2.435
63388,2024-10-25 17:00:00+00:00,67620.0,0.01975,0.9850121142300572,0.5137,6.838,-6.594,5.435,-5.322,3.877,-3.831,3.064,-3.031,2.177,-2.188
63412,2024-10-26 17:00:00+00:00,66888.0,0.02061,0.9878249952021659,0.5305,6.348,-6.241,5.294,-5.241,4.051,-4.043,3.162,-3.17,2.376,-2.397
63436,2024-10-27 17:00:00+00:00,67743.0,0.01544,0.9833123780186186,0.5066,6.098,-5.668,4.81,-4.522,3.407,-3.28,2.664,-2.543,1.903,-1.832
63460,2024-10-28 17:00:00+00:00,68664.0,0.022959999999999998,0.9793841174146303,0.5144,9.075,-8.305,7.164,-6.684,5.067,-4.811,3.956,-3.78,2.814,-2.715
63484,2024-10-29 17:00:00+00:00,72723.0,0.026469999999999997,0.9817012868266934,0.518,9.909,-8.91,7.952,-7.294,5.739,-5.353,4.524,-4.257,3.192,-3.061
63508,2024-10-30 17:00:00+00:00,72100.0,0.02596,0.9817012868266934,0.519,9.656,-9.042,7.755,-7.419,5.598,-5.449,4.41,-4.319,3.119,-3.098
63532,2024-10-31 17:00:00+00:00,70326.0,0.02415,0.9850121142300572,0.5187,8.65,-8.245,6.872,-6.682,4.866,-4.802,3.809,-3.771,2.704,-2.702
63556,2024-11-01 17:00:00+00:00,69918.0,0.02709,0.9833123780186186,0.5328,9.126,-8.714,7.306,-7.101,5.238,-5.153,4.15,-4.09,2.94,-2.956
63580,2024-11-02 17:00:00+00:00,69559.0,0.018000000000000002,0.9878249952021659,0.523,6.08,-5.902,5.007,-4.908,3.731,-3.688,2.86,-2.897,2.101,-2.108
63604,2024-11-03 17:00:00+00:00,68131.0,0.022949999999999998,0.9817012868266934,0.51,8.379,-7.996,6.715,-6.53,4.831,-4.766,3.806,-3.772,2.693,-2.701
63628,2024-11-04 17:00:00+00:00,67704.0,0.025099999999999997,0.9850121142300572,0.5097,9.444,-8.907,7.531,-7.257,5.402,-5.295,4.25,-4.19,3.015,-3.013
63652,2024-11-05 17:00:00+00:00,70171.0,0.02735,0.9850121142300572,0.5074,10.092,-9.269,8.143,-7.639,5.931,-5.666,4.668,-4.509,3.297,-3.265
63676,2024-11-06 17:00:00+00:00,74385.0,0.03696,0.9850121142300572,0.5079,12.636,-11.402,10.304,-9.488,7.562,-7.123,5.763,-5.635,4.228,-4.138
63700,2024-11-07 17:00:00+00:00,75980.0,0.02529,0.9901366593831085,0.5101,8.794,-8.132,7.137,-6.716,5.201,-4.965,4.042,-3.94,2.875,-2.859
63724,2024-11-08 17:00:00+00:00,75976.0,0.021949999999999997,0.9833123780186186,0.5346,7.263,-6.926,5.915,-5.699,4.35,-4.23,3.347,-3.349,2.446,-2.434
63748,2024-11-09 17:00:00+00:00,76119.0,0.01699,0.9795233141912589,0.5317,5.846,-5.496,4.846,-4.587,3.636,-3.47,2.799,-2.707,2.059,-1.994
63772,2024-11-10 17:00:00+00:00,79837.0,0.02483,0.9795233141912589,0.5595,8.194,-7.378,6.744,-6.127,5.047,-4.647,3.885,-3.618,2.879,-2.72
63796,2024-11-11 17:00:00+00:00,84354.0,0.03388,0.9805591857607944,0.5394,12.484,-10.988,9.961,-8.982,7.132,-6.561,5.623,-5.227,3.983,-3.777
63820,2024-11-12 17:00:00+00:00,87210.0,0.04812,0.9878249952021659,0.548,17.805,-15.199,14.244,-12.592,10.24,-9.34,8.009,-7.45,5.652,-5.415
63844,2024-11-13 17:00:00+00:00,92457.0,0.04729,0.9901366593831085,0.5423,18.218,-15.281,14.416,-12.548,10.173,-9.151,7.91,-7.247,5.565,-5.21
63868,2024-11-14 17:00:00+00:00,89241.0,0.04293,0.9999755720728738,0.568,14.406,-13.152,11.658,-10.887,8.529,-8.147,6.491,-6.43,4.77,-4.728
63892,2024-11-15 17:00:00+00:00,89402.0,0.03708,0.9999755720728738,0.5556,12.31,-11.249,9.987,-9.296,7.361,-6.983,5.63,-5.534,4.159,-4.06
63916,2024-11-16 17:00:00+00:00,90673.0,0.027160000000000004,0.9999755720728738,0.5406,9.074,-8.398,7.557,-7.075,5.729,-5.441,4.442,-4.262,3.295,-3.203
63940,2024-11-17 17:00:00+00:00,90457.0,0.026459999999999997,0.9914164051510763,0.5282,9.488,-8.75,7.783,-7.317,5.773,-5.515,4.421,-4.363,3.236,-3.181
63964,2024-11-18 17:00:00+00:00,91457.0,0.0326,0.9850121142300572,0.5253,11.621,-10.558,9.558,-8.868,7.104,-6.725,5.447,-5.282,3.992,-3.898
63988,2024-11-19 17:00:00+00:00,92654.0,0.03134,0.9878249952021659,0.5222,11.092,-10.141,9.162,-8.546,6.853,-6.517,5.285,-5.115,3.892,-3.799
64012,2024-11-20 17:00:00+00:00,94187.0,0.032029999999999996,0.9901366593831085,0.5179,11.467,-10.552,9.319,-8.778,6.832,-6.566,5.257,-5.211,3.795,-3.8
64036,2024-11-21 17:00:00+00:00,97195.0,0.0317,0.9948042162049457,0.5254,11.115,-10.098,8.997,-8.354,6.558,-6.21,5.1,-4.941,3.645,-3.605
64060,2024-11-22 17:00:00+00:00,99001.0,0.0265,0.9948042162049457,0.5475,9.135,-8.397,7.393,-6.916,5.413,-5.135,4.231,-4.099,3.034,-2.981
64084,2024-11-23 17:00:00+00:00,97884.0,0.021840000000000002,0.9914164051510763,0.5416,7.927,-7.415,6.387,-6.078,4.649,-4.477,3.691,-3.569,2.595,-2.574
64108,2024-11-24 17:00:00+00:00,96477.0,0.02537,0.9901366593831085,0.531,9.607,-8.865,7.654,-7.218,5.494,-5.262,4.329,-4.175,3.091,-3.017
64132,2024-11-25 17:00:00+00:00,95953.0,0.03034,0.9948042162049457,0.5286,11.232,-10.363,9.01,-8.515,6.516,-6.28,5.16,-5.007,3.636,-3.609
64156,2024-11-26 17:00:00+00:00,94101.0,0.03552,0.9975575399121892,0.5201,12.227,-11.3,10.047,-9.482,7.469,-7.199,5.746,-5.679,4.238,-4.198
64180,2024-11-27 17:00:00+00:00,95790.0,0.030019999999999998,1.0030979759226923,0.5104,10.285,-9.583,8.539,-8.088,6.415,-6.189,4.958,-4.843,3.663,-3.622
64204,2024-11-28 17:00:00+00:00,94994.0,0.025169999999999998,1.0030979759226923,0.5168,8.631,-8.17,7.072,-6.811,5.244,-5.124,4.028,-4.061,2.966,-2.967
64228,2024-11-29 17:00:00+00:00,97881.0,0.022789999999999998,0.998607790328129,0.5279,7.731,-7.197,6.301,-5.954,4.664,-4.457,3.603,-3.551,2.644,-2.593
64252,2024-11-30 17:00:00+00:00,96920.0,0.018349999999999998,0.9948042162049457,0.5389,5.95,-5.753,4.966,-4.835,3.786,-3.715,2.949,-2.911,2.201,-2.191
64276,2024-12-01 17:00:00+00:00,97261.0,0.01816,0.9825151407501317,0.5223,6.612,-6.189,5.395,-5.12,4.028,-3.855,3.16,-3.084,2.299,-2.245
64300,2024-12-02 17:00:00+00:00,96204.0,0.023849999999999996,0.9795233141912589,0.5231,8.093,-7.718,6.687,-6.474,5.034,-4.931,3.908,-3.898,2.906,-2.894
64324,2024-12-03 17:00:00+00:00,95139.0,0.02556,0.9805591857607944,0.5193,8.784,-8.318,7.292,-7.013,5.505,-5.369,4.274,-4.21,3.172,-3.154
64348,2024-12-04 17:00:00+00:00,94899.0,0.0226,0.9795233141912589,0.51,7.855,-7.523,6.479,-6.3,4.841,-4.769,3.727,-3.76,2.744,-2.757
64372,2024-12-05 17:00:00+00:00,101144.0,0.03312,0.9948042162049457,0.5146,10.841,-9.897,8.848,-8.21,6.566,-6.202,5.041,-4.86,3.735,-3.624
64396,2024-12-06 17:00:00+00:00,99139.0,0.03297,0.998607790328129,0.6233,9.378,-9.296,7.764,-7.749,5.901,-5.882,4.618,-4.604,3.518,-3.532
64420,2024-12-07 17:00:00+00:00,99692.0,0.02214,0.9914164051510763,0.6629,7.066,-6.565,5.885,-5.491,4.425,-4.148,3.406,-3.213,2.527,-2.421
64444,2024-12-08 17:00:00+00:00,99884.0,0.021789999999999997,0.9795233141912589,0.587,7.863,-7.145,6.51,-5.945,4.847,-4.472,3.694,-3.432,2.685,-2.523
64468,2024-12-09 17:00:00+00:00,97812.0,0.03013,0.9795233141912589,0.6246,10.686,-9.631,8.809,-8.004,6.519,-6.013,4.953,-4.608,3.599,-3.403
64492,2024-12-10 17:00:00+00:00,96327.0,0.03786,0.9853678234216623,0.6364,13.204,-11.755,10.882,-9.809,8.084,-7.416,6.165,-5.718,4.503,-4.243
64516,2024-12-11 17:00:00+00:00,100687.0,0.03056,0.9939091359338119,0.5621,10.935,-9.654,9.045,-8.068,6.75,-6.116,5.159,-4.724,3.767,-3.503
64540,2024-12-12 17:00:00+00:00,101516.0,0.025849999999999998,0.9939091359338119,0.5103,8.605,-8.106,7.12,-6.784,5.329,-5.146,4.1,-3.998,3.023,-2.978
64564,2024-12-13 17:00:00+00:00,101015.0,0.02218,0.9883127220051521,0.5203,7.128,-6.864,5.898,-5.722,4.443,-4.35,3.432,-3.382,2.547,-2.531
64588,2024-12-14 17:00:00+00:00,101605.0,0.01841,0.9795233141912589,0.5263,5.919,-5.573,4.986,-4.715,3.837,-3.66,3.002,-2.884,2.247,-2.183
64612,2024-12-15 17:00:00+00:00,103076.0,0.020569999999999998,0.977685957285064,0.5227,7.388,-6.833,6.086,-5.715,4.561,-4.325,3.52,-3.427,2.593,-2.5
64636,2024-12-16 17:00:00+00:00,106852.0,0.02537,0.9795233141912589,0.5313,8.582,-7.841,7.149,-6.584,5.42,-5.05,4.214,-3.96,3.138,-2.979
64660,2024-12-17 17:00:00+00:00,107058.0,0.02595,0.9941697288583198,0.5174,9.152,-8.536,7.589,-7.193,5.711,-5.488,4.419,-4.299,3.263,-3.198
64684,2024-12-18 17:00:00+00:00,104174.0,0.026840000000000003,0.9941697288583198,0.5167,9.333,-8.84,7.714,-7.418,5.76,-5.618,4.43,-4.394,3.257,-3.241
64708,2024-12-19 17:00:00+00:00,100663.0,0.03398,1.0043075421312149,0.5299,11.332,-10.677,9.267,-8.874,6.844,-6.663,5.221,-5.187,3.833,-3.817
64732,2024-12-20 17:00:00+00:00,96665.0,0.037919999999999995,1.0075289126160274,0.4947,11.867,-11.047,9.749,-9.222,7.318,-7.022,5.648,-5.485,4.215,-4.146
64756,2024-12-21 17:00:00+00:00,97241.0,0.027469999999999998,1.0075289126160274,0.5019,9.02,-8.609,7.5,-7.238,5.658,-5.538,4.365,-4.314,3.225,-3.218
64780,2024-12-22 17:00:00+00:00,95634.0,0.0285,1.0059388700025955,0.5075,9.861,-9.352,8.183,-7.869,6.121,-5.985,4.7,-4.646,3.445,-3.442
64804,2024-12-23 17:00:00+00:00,93844.0,0.03678,1.0043075421312149,0.5117,12.944,-11.912,10.68,-10.036,7.948,-7.634,6.091,-5.952,4.464,-4.419
64828,2024-12-24 17:00:00+00:00,98477.0,0.030440000000000002,1.0075289126160274,0.5087,10.424,-9.5,8.709,-8.048,6.615,-6.219,5.144,-4.895,3.819,-3.684
64852,2024-12-25 17:00:00+00:00,98328.0,0.027290000000000002,1.0010392533524655,0.5067,9.591,-9.004,7.959,-7.594,5.972,-5.79,4.603,-4.514,3.383,-3.357
64876,2024-12-26 17:00:00+00:00,96441.0,0.02706,0.9994108786832125,0.5103,9.194,-8.771,7.57,-7.321,5.627,-5.515,4.314,-4.312,3.168,-3.176
64900,2024-12-27 17:00:00+00:00,94000.0,0.0248,1.0051730825586986,0.5071,7.802,-7.547,6.473,-6.312,4.902,-4.822,3.801,-3.766,2.835,-2.832
64924,2024-12-28 17:00:00+00:00,94712.0,0.01794,0.9994108786832125,0.5084,5.959,-5.728,4.995,-4.828,3.806,-3.711,2.958,-2.902,2.194,-2.171
64948,2024-12-29 17:00:00+00:00,93743.0,0.018959999999999998,0.9887508074090118,0.5073,6.792,-6.516,5.542,-5.397,4.093,-4.03,3.191,-3.204,2.285,-2.316
64972,2024-12-30 17:00:00+00:00,91950.0,0.0259,0.9887508074090118,0.5118,9.376,-8.939,7.577,-7.373,5.516,-5.457,4.345,-4.33,3.066,-3.127
64996,2024-12-31 17:00:00+00:00,94679.0,0.02775,0.9946078142621795,0.5107,9.493,-8.92,7.907,-7.534,5.969,-5.78,4.623,-4.526,3.418,-3.384
65020,2025-01-01 17:00:00+00:00,93901.0,0.023629999999999998,0.9887508074090118,0.5102,8.343,-7.963,6.882,-6.682,5.124,-5.047,3.923,-3.953,2.866,-2.9
65044,2025-01-02 17:00:00+00:00,97149.0,0.02444,0.9887508074090118,0.5012,8.669,-8.097,7.003,-6.66,5.09,-4.915,4.002,-3.91,2.833,-2.83
65068,2025-01-03 17:00:00+00:00,97809.0,0.02097,0.9887508074090118,0.5127,6.99,-6.633,5.733,-5.5,4.255,-4.126,3.266,-3.263,2.409,-2.384
65092,2025-01-04 17:00:00+00:00,97695.0,0.01607,0.9793608285600687,0.5199,5.495,-5.261,4.55,-4.394,3.415,-3.325,2.633,-2.609,1.941,-1.918
65116,2025-01-05 17:00:00+00:00,98013.0,0.016040000000000002,0.9765786731434547,0.5119,6.084,-5.759,4.888,-4.691,3.571,-3.453,2.838,-2.754,2.007,-1.991
65140,2025-01-06 17:00:00+00:00,102172.0,0.02368,0.9765786731434547,0.5388,8.147,-7.408,6.726,-6.169,5.041,-4.678,3.893,-3.681,2.883,-2.727
65164,2025-01-07 17:00:00+00:00,97715.0,0.02496,0.9793608285600687,0.5243,9.233,-8.841,7.382,-7.218,5.296,-5.255,4.168,-4.149,2.955,-2.974
65188,2025-01-08 17:00:00+00:00,94757.0,0.028730000000000002,0.9887508074090118,0.5148,10.098,-9.602,8.216,-7.978,5.997,-5.925,4.61,-4.674,3.305,-3.384
65212,2025-01-09 17:00:00+00:00,94243.0,0.02849,0.998607790328129,0.5047,9.434,-9.08,7.711,-7.535,5.683,-5.639,4.328,-4.387,3.17,-3.223
65236,2025-01-10 17:00:00+00:00,93768.0,0.029140000000000003,0.9946078142621795,0.5053,9.161,-8.878,7.493,-7.35,5.573,-5.53,4.273,-4.274,3.168,-3.193
65260,2025-01-11 17:00:00+00:00,94397.0,0.01846,0.9887508074090118,0.5004,6.055,-5.873,5.067,-4.953,3.85,-3.808,2.982,-2.977,2.206,-2.225
65284,2025-01-12 17:00:00+00:00,95005.0,0.01761,0.979107431651171,0.503,6.248,-5.898,5.142,-4.917,3.823,-3.697,2.924,-2.915,2.134,-2.117
65308,2025-01-13 17:00:00+00:00,91281.0,0.03311,0.9765786731434547,0.5223,11.385,-10.628,9.376,-8.906,6.935,-6.718,5.282,-5.223,3.852,-3.849
65332,2025-01-14 17:00:00+00:00,95687.0,0.03034,0.977685957285064,0.5118,10.54,-9.591,8.739,-8.066,6.531,-6.141,5.014,-4.775,3.681,-3.549
65356,2025-01-15 17:00:00+00:00,99000.0,0.02473,0.9645540658934468,0.5047,8.16,-7.598,6.782,-6.38,5.11,-4.874,3.945,-3.801,2.919,-2.841
65380,2025-01-16 17:00:00+00:00,99372.0,0.025699999999999997,0.977685957285064,0.5027,8.705,-8.268,7.123,-6.857,5.226,-5.104,3.971,-4.012,2.898,-2.919
65404,2025-01-17 17:00:00+00:00,105042.0,0.023370000000000002,0.9855073453743557,0.5186,7.775,-7.109,6.366,-5.878,4.726,-4.416,3.627,-3.493,2.68,-2.563
65428,2025-01-18 17:00:00+00:00,103200.0,0.02506,0.9855073453743557,0.5515,8.362,-7.951,6.849,-6.59,5.071,-4.937,3.882,-3.879,2.859,-2.834
65452,2025-01-19 17:00:00+00:00,104820.0,0.026619999999999998,0.9887508074090118,0.5308,9.562,-8.742,7.738,-7.209,5.664,-5.358,4.446,-4.275,3.149,-3.098
65476,2025-01-20 17:00:00+00:00,106564.0,0.050309999999999994,0.998607790328129,0.552,16.989,-15.011,13.901,-12.581,10.32,-9.603,7.917,-7.499,5.85,-5.639
65500,2025-01-21 17:00:00+00:00,104945.0,0.05076,1.0002381130472688,0.54,16.627,-14.971,13.719,-12.623,10.322,-9.742,7.979,-7.655,5.932,-5.788
65524,2025-01-22 17:00:00+00:00,103711.0,0.03345,1.0002381130472688,0.5143,11.983,-11.059,9.893,-9.308,7.327,-7.045,5.571,-5.465,4.039,-4.039
65548,2025-01-23 17:00:00+00:00,105168.0,0.038919999999999996,1.0002381130472688,0.4951,12.374,-11.434,10.158,-9.556,7.57,-7.263,5.804,-5.645,4.293,-4.23
65572,2025-01-24 17:00:00+00:00,105678.0,0.0308,1.0080492800246716,0.5122,9.425,-8.905,7.895,-7.531,6.012,-5.807,4.68,-4.567,3.484,-3.462
65596,2025-01-25 17:00:00+00:00,104642.0,0.02048,0.9954109026172632,0.5176,6.592,-6.339,5.543,-5.363,4.245,-4.148,3.305,-3.255,2.461,-2.447
65620,2025-01-26 17:00:00+00:00,104926.0,0.017,0.9823999611596758,0.5014,6.212,-5.842,5.106,-4.864,3.807,-3.661,2.924,-2.906,2.137,-2.1
65644,2025-01-27 17:00:00+00:00,99715.0,0.036539999999999996,0.9887508074090118,0.5271,12.625,-11.768,10.348,-9.827,7.613,-7.38,5.79,-5.771,4.222,-4.223
65668,2025-01-28 17:00:00+00:00,102245.0,0.03017,1.0023706953668772,0.5076,10.587,-9.757,8.803,-8.241,6.608,-6.302,5.086,-4.914,3.734,-3.653
65692,2025-01-29 17:00:00+00:00,102087.0,0.02463,1.0002381130472688,0.5046,8.707,-8.25,7.23,-6.953,5.41,-5.286,4.147,-4.104,3.027,-3.03
65716,2025-01-30 17:00:00+00:00,105712.0,0.025990000000000003,1.0080492800246716,0.5011,8.585,-8.069,7.122,-6.776,5.361,-5.177,4.136,-4.037,3.056,-3.017
65740,2025-01-31 17:00:00+00:00,105101.0,0.021269999999999997,1.0023706953668772,0.515,7.003,-6.752,5.782,-5.63,4.325,-4.255,3.325,-3.297,2.453,-2.452
65764,2025-02-01 17:00:00+00:00,101893.0,0.01991,1.0002381130472688,0.5309,6.49,-6.377,5.387,-5.333,4.063,-4.055,3.136,-3.147,2.321,-2.344
65788,2025-02-02 17:00:00+00:00,98235.0,0.026760000000000003,1.0002381130472688,0.5162,9.542,-9.065,7.724,-7.493,5.643,-5.56,4.435,-4.419,3.125,-3.192
65812,2025-02-03 17:00:00+00:00,98687.0,0.04089,1.0023706953668772,0.5145,13.327,-12.201,11.089,-10.33,8.43,-8.017,6.555,-6.322,4.892,-4.787
65836,2025-02-04 17:00:00+00:00,99071.0,0.03448,1.0002381130472688,0.5037,11.694,-10.815,9.742,-9.164,7.353,-7.062,5.684,-5.538,4.196,-4.144
65860,2025-02-05 17:00:00+00:00,98005.0,0.03408,1.0057673097167248,0.5047,11.573,-10.87,9.629,-9.194,7.241,-7.06,5.573,-5.513,4.095,-4.102
65884,2025-02-06 17:00:00+00:00,96599.0,0.0301,1.0057673097167248,0.4993,10.17,-9.688,8.375,-8.109,6.2,-6.111,4.727,-4.723,3.453,-3.499
65908,2025-02-07 17:00:00+00:00,97865.0,0.02694,1.0023706953668772,0.4914,8.378,-7.978,6.968,-6.714,5.296,-5.162,4.117,-4.051,3.079,-3.058
65932,2025-02-08 17:00:00+00:00,96111.0,0.02048,1.0002381130472688,0.5055,6.618,-6.482,5.532,-5.463,4.213,-4.201,3.272,-3.285,2.432,-2.459
65956,2025-02-09 17:00:00+00:00,96487.0,0.01859,0.9823999611596758,0.4997,6.715,-6.379,5.522,-5.32,4.127,-4.02,3.178,-3.195,2.331,-2.317
65980,2025-02-10 17:00:00+00:00,97336.0,0.024409999999999998,1.0002381130472688,0.5055,8.093,-7.729,6.803,-6.567,5.217,-5.1,4.08,-4.023,3.044,-3.032
66004,2025-02-11 17:00:00+00:00,96313.0,0.020560000000000002,0.9954109026172632,0.5003,7.493,-7.136,6.161,-5.959,4.608,-4.513,3.552,-3.59,2.609,-2.615
66028,2025-02-12 17:00:00+00:00,96993.0,0.026760000000000003,0.9934905014636319,0.5058,8.797,-8.518,7.307,-7.162,5.502,-5.469,4.247,-4.261,3.138,-3.174
66052,2025-02-13 17:00:00+00:00,95373.0,0.02434,1.0023706953668772,0.4982,8.266,-7.926,6.767,-6.592,4.991,-4.929,3.823,-3.899,2.791,-2.835
66076,2025-02-14 17:00:00+00:00,97702.0,0.01959,0.9934905014636319,0.4887,6.202,-5.871,5.133,-4.898,3.877,-3.737,3.004,-2.923,2.24,-2.201
66100,2025-02-15 17:00:00+00:00,97542.0,0.01664,0.9934905014636319,0.5095,5.449,-5.336,4.545,-4.482,3.45,-3.428,2.675,-2.674,1.984,-1.998
66124,2025-02-16 17:00:00+00:00,97066.0,0.01524,0.9780308294483459,0.4982,6.192,-5.874,4.888,-4.688,3.455,-3.388,2.689,-2.625,1.904,-1.875
66148,2025-02-17 17:00:00+00:00,95337.0,0.01902,0.9694920700762093,0.5041,7.162,-6.85,5.78,-5.612,4.225,-4.148,3.356,-3.309,2.363,-2.385
66172,2025-02-18 17:00:00+00:00,94597.0,0.02029,0.9642640152659664,0.5018,7.61,-7.277,6.128,-5.954,4.461,-4.393,3.54,-3.5,2.492,-2.52
66196,2025-02-19 17:00:00+00:00,96296.0,0.020259999999999997,0.9656412101007148,0.4919,6.923,-6.622,5.738,-5.558,4.296,-4.215,3.305,-3.297,2.43,-2.428
66220,2025-02-20 17:00:00+00:00,97566.0,0.01929,0.9656412101007148,0.4927,7.233,-6.916,5.717,-5.558,4.028,-3.976,3.131,-3.099,2.208,-2.205
66244,2025-02-21 17:00:00+00:00,98231.0,0.018799999999999997,0.9558864739920985,0.4917,6.028,-5.857,4.92,-4.818,3.628,-3.58,2.768,-2.812,2.038,-2.048
66268,2025-02-22 17:00:00+00:00,96517.0,0.01609,0.9600926026091676,0.5113,5.272,-5.227,4.368,-4.358,3.276,-3.289,2.517,-2.541,1.852,-1.877
66292,2025-02-23 17:00:00+00:00,95457.0,0.0138,0.9600926026091676,0.4954,5.756,-5.479,4.502,-4.329,3.129,-3.117,2.392,-2.342,1.668,-1.646
66316,2025-02-24 17:00:00+00:00,94398.0,0.02229,0.9656412101007148,0.506,8.442,-7.97,6.771,-6.51,4.873,-4.759,3.822,-3.753,2.701,-2.679
66340,2025-02-25 17:00:00+00:00,87345.0,0.04409,0.9694920700762093,0.5459,17.128,-15.303,13.474,-12.485,9.34,-8.968,7.125,-6.936,4.872,-4.847
66364,2025-02-26 17:00:00+00:00,86696.0,0.03455,0.9694920700762093,0.5048,12.684,-11.695,10.274,-9.723,7.398,-7.186,5.636,-5.626,4.027,-4.02
66388,2025-02-27 17:00:00+00:00,84393.0,0.038599999999999995,0.9780308294483459,0.4873,13.038,-12.2,10.559,-10.089,7.649,-7.484,5.735,-5.819,4.16,-4.25
66412,2025-02-28 17:00:00+00:00,84351.0,0.04176,0.9780308294483459,0.4485,13.235,-12.387,10.753,-10.278,7.938,-7.727,6.049,-5.966,4.465,-4.458
66436,2025-03-01 17:00:00+00:00,85223.0,0.02936,0.9729772144496898,0.4705,9.415,-9.005,7.844,-7.602,5.941,-5.854,4.594,-4.579,3.403,-3.428
66460,2025-03-02 17:00:00+00:00,91208.0,0.03894,0.9656412101007148,0.5102,12.756,-11.178,10.479,-9.342,7.813,-7.133,5.99,-5.568,4.427,-4.194
66484,2025-03-03 17:00:00+00:00,90101.0,0.04386,0.9857844449495128,0.5275,14.928,-13.487,12.369,-11.389,9.295,-8.765,7.169,-6.867,5.293,-5.15
66508,2025-03-04 17:00:00+00:00,83505.0,0.051289999999999995,0.9936315232188129,0.537,17.809,-15.847,14.644,-13.338,10.845,-10.171,8.284,-7.918,6.067,-5.901
66532,2025-03-05 17:00:00+00:00,88919.0,0.041299999999999996,1.0023706953668772,0.4949,13.686,-12.315,11.404,-10.441,8.659,-8.106,6.724,-6.396,5.001,-4.837
66556,2025-03-06 17:00:00+00:00,89292.0,0.03519,1.0057673097167248,0.4811,11.455,-10.598,9.515,-8.932,7.19,-6.875,5.559,-5.388,4.122,-4.049
66580,2025-03-07 17:00:00+00:00,87202.0,0.04139,1.0080196382346305,0.4806,12.871,-12.106,10.662,-10.183,8.025,-7.785,6.207,-6.094,4.639,-4.612
66604,2025-03-08 17:00:00+00:00,86113.0,0.03387,1.0138981192533656,0.5011,10.553,-10.128,8.887,-8.618,6.772,-6.651,5.263,-5.224,3.846,-3.922
66628,2025-03-09 17:00:00+00:00,82503.0,0.0332,1.0044485308975206,0.5096,12.523,-11.493,10.163,-9.579,7.361,-7.104,5.6,-5.579,4.008,-3.988
66652,2025-03-10 17:00:00+00:00,78969.0,0.04934,0.9989170154074944,0.5236,17.513,-15.606,14.383,-13.147,10.594,-9.984,8.038,-7.741,5.837,-5.731
66676,2025-03-11 17:00:00+00:00,81356.0,0.04611,0.9989170154074944,0.5019,15.529,-13.889,12.91,-11.78,9.747,-9.125,7.535,-7.181,5.573,-5.408
66700,2025-03-12 17:00:00+00:00,81958.0,0.03627,0.9961828107534589,0.4946,12.353,-11.387,10.311,-9.671,7.804,-7.477,6.033,-5.87,4.445,-4.392
66724,2025-03-13 17:00:00+00:00,80787.0,0.03153,0.9961828107534589,0.478,10.848,-10.189,8.945,-8.545,6.619,-6.45,5.03,-4.971,3.653,-3.674
66748,2025-03-14 17:00:00+00:00,84786.0,0.02706,0.9867511251303528,0.4594,8.476,-7.915,7.044,-6.652,5.356,-5.127,4.165,-4.033,3.117,-3.054
66772,2025-03-15 17:00:00+00:00,84345.0,0.01948,0.9789975096291859,0.4959,6.556,-6.216,5.506,-5.264,4.207,-4.066,3.273,-3.189,2.426,-2.388
66796,2025-03-16 17:00:00+00:00,83639.0,0.025920000000000002,0.9789975096291859,0.4977,8.671,-8.064,7.221,-6.792,5.451,-5.201,4.209,-4.058,3.108,-3.03
66820,2025-03-17 17:00:00+00:00,83451.0,0.02711,0.9828295865327359,0.5015,9.354,-8.748,7.8,-7.397,5.903,-5.683,4.582,-4.457,3.394,-3.339
66844,2025-03-18 17:00:00+00:00,81872.0,0.02491,0.9750602649317366,0.4994,8.65,-8.197,7.217,-6.938,5.474,-5.335,4.255,-4.189,3.152,-3.138
66868,2025-03-19 17:00:00+00:00,84595.0,0.022860000000000002,0.961469797443916,0.4894,7.973,-7.516,6.624,-6.341,4.989,-4.844,3.857,-3.79,2.844,-2.823
66892,2025-03-20 17:00:00+00:00,83758.0,0.02603,0.9596502313971206,0.481,8.408,-8.058,6.985,-6.778,5.28,-5.192,4.089,-4.059,3.036,-3.043
66916,2025-03-21 17:00:00+00:00,84054.0,0.02029,0.9554441027800513,0.4887,6.61,-6.379,5.48,-5.34,4.135,-4.066,3.201,-3.173,2.377,-2.377
66940,2025-03-22 17:00:00+00:00,84128.0,0.01422,0.9431129143360051,0.4935,5.142,-4.914,4.226,-4.087,3.147,-3.069,2.419,-2.429,1.753,-1.752
66964,2025-03-23 17:00:00+00:00,85240.0,0.01679,0.9431129143360051,0.5112,6.524,-5.906,5.289,-4.867,3.851,-3.578,3.009,-2.818,2.114,-2.006
66988,2025-03-24 17:00:00+00:00,88061.0,0.022949999999999998,0.9554441027800513,0.5257,8.387,-7.564,6.934,-6.33,5.161,-4.767,3.939,-3.691,2.864,-2.71
67012,2025-03-25 17:00:00+00:00,87822.0,0.02196,0.9514403397024418,0.5174,8.346,-7.62,6.833,-6.357,5.046,-4.752,3.846,-3.741,2.767,-2.706
67036,2025-03-26 17:00:00+00:00,86526.0,0.022240000000000003,0.9514403397024418,0.5108,8.587,-7.903,6.959,-6.534,5.049,-4.812,3.908,-3.776,2.761,-2.686
67060,2025-03-27 17:00:00+00:00,86816.0,0.02037,0.9585014643354122,0.4912,7.502,-6.975,6.059,-5.737,4.365,-4.188,3.401,-3.284,2.392,-2.333
67084,2025-03-28 17:00:00+00:00,83750.0,0.01907,0.9554441027800513,0.4982,6.479,-6.317,5.292,-5.226,3.891,-3.873,3.015,-3.062,2.165,-2.213
67108,2025-03-29 17:00:00+00:00,82161.0,0.01804,0.9554441027800513,0.4975,6.282,-6.16,5.111,-5.086,3.746,-3.76,2.936,-2.976,2.065,-2.134
67132,2025-03-30 17:00:00+00:00,82277.0,0.01978,0.961469797443916,0.4953,7.196,-6.878,5.83,-5.658,4.282,-4.206,3.399,-3.354,2.382,-2.426
67156,2025-03-31 17:00:00+00:00,83289.0,0.025019999999999997,0.959710427073423,0.4956,8.461,-7.986,7.044,-6.739,5.318,-5.156,4.122,-4.036,3.053,-3.021
67180,2025-04-01 17:00:00+00:00,85130.0,0.02213,0.9661783943067574,0.4915,7.581,-7.159,6.325,-6.049,4.786,-4.637,3.711,-3.63,2.743,-2.712
67204,2025-04-02 17:00:00+00:00,87042.0,0.02327,0.959710427073423,0.4928,7.955,-7.508,6.617,-6.324,4.978,-4.825,3.846,-3.765,2.838,-2.807
67228,2025-04-03 17:00:00+00:00,81785.0,0.02932,0.9636993245717536,0.4998,9.464,-9.067,7.792,-7.565,5.816,-5.725,4.465,-4.435,3.297,-3.306
67252,2025-04-04 17:00:00+00:00,83344.0,0.02763,0.959710427073423,0.4746,8.771,-8.334,7.205,-6.93,5.382,-5.241,4.14,-4.069,3.073,-3.048
67276,2025-04-05 17:00:00+00:00,82717.0,0.019119999999999998,0.959710427073423,0.4925,6.251,-5.984,5.224,-5.04,3.967,-3.87,3.073,-3.021,2.273,-2.255
67300,2025-04-06 17:00:00+00:00,81952.0,0.01999,0.9516154960593384,0.4937,7.53,-7.137,6.068,-5.853,4.398,-4.303,3.459,-3.402,2.435,-2.43
67324,2025-04-07 17:00:00+00:00,77395.0,0.049800000000000004,0.959710427073423,0.5308,17.42,-15.57,14.193,-13.022,10.365,-9.805,7.842,-7.664,5.698,-5.653
67348,2025-04-08 17:00:00+00:00,77383.0,0.03499,0.9636993245717536,0.5065,12.535,-11.45,10.34,-9.641,7.659,-7.308,5.828,-5.676,4.229,-4.201
67372,2025-04-09 17:00:00+00:00,78199.0,0.03951,0.961469797443916,0.4911,13.477,-12.307,11.127,-10.371,8.299,-7.921,6.351,-6.162,4.651,-4.58
67396,2025-04-10 17:00:00+00:00,79393.0,0.03444,0.9737830168777505,0.4543,10.755,-9.968,8.925,-8.388,6.729,-6.429,5.2,-5.036,3.868,-3.795
67420,2025-04-11 17:00:00+00:00,82749.0,0.02767,0.9636993245717536,0.4614,8.704,-8.133,7.224,-6.82,5.479,-5.245,4.254,-4.118,3.179,-3.112
67444,2025-04-12 17:00:00+00:00,84642.0,0.0232,0.9700597275779879,0.4969,7.457,-6.948,6.237,-5.855,4.764,-4.522,3.712,-3.554,2.772,-2.683
67468,2025-04-13 17:00:00+00:00,84193.0,0.02504,0.9661783943067574,0.4993,8.663,-8.13,7.179,-6.824,5.377,-5.181,4.141,-4.03,3.048,-2.992
67492,2025-04-14 17:00:00+00:00,84330.0,0.03036,0.9661783943067574,0.4984,9.675,-9.203,8.073,-7.769,6.168,-6.013,4.819,-4.74,3.616,-3.589
67516,2025-04-15 17:00:00+00:00,84862.0,0.022860000000000002,0.9700597275779879,0.4973,7.732,-7.364,6.471,-6.234,4.921,-4.802,3.829,-3.772,2.842,-2.827
67540,2025-04-16 17:00:00+00:00,85049.0,0.0225,0.961469797443916,0.492,7.675,-7.343,6.387,-6.192,4.814,-4.728,3.725,-3.696,2.752,-2.756
67564,2025-04-17 17:00:00+00:00,84938.0,0.02258,0.9700597275779879,0.4944,7.522,-7.252,6.208,-6.059,4.636,-4.58,3.566,-3.577,2.628,-2.64
67588,2025-04-18 17:00:00+00:00,84472.0,0.01466,0.9661783943067574,0.4945,4.993,-4.876,4.086,-4.033,3.01,-2.993,2.325,-2.361,1.672,-1.7
67612,2025-04-19 17:00:00+00:00,84843.0,0.01363,0.959710427073423,0.4958,4.847,-4.676,3.945,-3.85,2.904,-2.855,2.28,-2.264,1.614,-1.632
67636,2025-04-20 17:00:00+00:00,84610.0,0.0147,0.943121380727642,0.4982,5.674,-5.392,4.54,-4.37,3.299,-3.202,2.615,-2.548,1.861,-1.843
67660,2025-04-21 17:00:00+00:00,87177.0,0.022080000000000002,0.9471141484250136,0.5095,7.702,-7.104,6.371,-5.958,4.789,-4.533,3.704,-3.565,2.736,-2.639
67684,2025-04-22 17:00:00+00:00,90740.0,0.02222,0.9619399542012605,0.5034,7.863,-7.257,6.463,-6.055,4.804,-4.56,3.682,-3.597,2.7,-2.638
67708,2025-04-23 17:00:00+00:00,93669.0,0.02742,0.9585014643354122,0.5045,8.78,-8.077,7.276,-6.762,5.495,-5.174,4.254,-4.049,3.171,-3.054
67732,2025-04-24 17:00:00+00:00,93406.0,0.02076,0.9700597275779879,0.4856,7.2,-6.828,5.9,-5.667,4.341,-4.215,3.31,-3.32,2.404,-2.402
67756,2025-04-25 17:00:00+00:00,95295.0,0.020499999999999997,0.9619399542012605,0.5006,6.801,-6.375,5.583,-5.276,4.15,-3.959,3.186,-3.106,2.351,-2.283
67780,2025-04-26 17:00:00+00:00,94330.0,0.01656,0.9585014643354122,0.5087,5.551,-5.323,4.601,-4.44,3.451,-3.355,2.657,-2.607,1.96,-1.928
67804,2025-04-27 17:00:00+00:00,93925.0,0.01748,0.9471141484250136,0.5005,6.3,-5.993,5.139,-4.955,3.804,-3.7,2.978,-2.945,2.137,-2.129
67828,2025-04-28 17:00:00+00:00,93776.0,0.02016,0.9346834145082625,0.5067,7.363,-6.998,5.99,-5.787,4.43,-4.33,3.473,-3.451,2.489,-2.511
67852,2025-04-29 17:00:00+00:00,95017.0,0.019870000000000002,0.9391393526770756,0.5016,7.457,-7.022,6.02,-5.756,4.405,-4.267,3.503,-3.411,2.469,-2.467
67876,2025-04-30 17:00:00+00:00,93935.0,0.0197,0.9311047878642931,0.5036,7.103,-6.856,5.776,-5.666,4.249,-4.218,3.335,-3.351,2.367,-2.428
67900,2025-05-01 17:00:00+00:00,97064.0,0.01863,0.9391393526770756,0.5035,6.761,-6.402,5.424,-5.214,3.922,-3.812,3.105,-3.032,2.204,-2.188
67924,2025-05-02 17:00:00+00:00,97413.0,0.01745,0.9330609291396416,0.5213,6.181,-5.899,4.933,-4.776,3.544,-3.459,2.805,-2.746,1.983,-1.981
67948,2025-05-03 17:00:00+00:00,96239.0,0.01318,0.9284577755947021,0.5213,4.932,-4.777,3.895,-3.814,2.767,-2.758,2.17,-2.143,1.553,-1.544
67972,2025-05-04 17:00:00+00:00,95357.0,0.01464,0.9197178324410027,0.5117,5.763,-5.51,4.512,-4.364,3.179,-3.185,2.483,-2.434,1.778,-1.756
67996,2025-05-05 17:00:00+00:00,94200.0,0.0181,0.9261191781178113,0.5117,6.539,-6.347,5.254,-5.179,3.819,-3.799,3.035,-3.023,2.139,-2.178
68020,2025-05-06 17:00:00+00:00,94224.0,0.01783,0.923091521974778,0.5018,6.689,-6.435,5.332,-5.209,3.841,-3.797,3.039,-3.014,2.173,-2.18
68044,2025-05-07 17:00:00+00:00,96871.0,0.01713,0.9197178324410027,0.4951,5.925,-5.67,4.842,-4.687,3.577,-3.496,2.768,-2.774,2.005,-2.015
68068,2025-05-08 17:00:00+00:00,101319.0,0.02091,0.9311047878642931,0.5025,7.201,-6.714,5.804,-5.486,4.204,-4.018,3.331,-3.201,2.337,-2.309
68092,2025-05-09 17:00:00+00:00,102499.0,0.0206,0.9330609291396416,0.5284,6.768,-6.445,5.493,-5.287,4.037,-3.92,3.135,-3.117,2.277,-2.262
68116,2025-05-10 17:00:00+00:00,103443.0,0.01433,0.9284577755947021,0.5277,5.157,-4.825,4.159,-3.93,3.028,-2.879,2.401,-2.293,1.689,-1.649
68140,2025-05-11 17:00:00+00:00,104012.0,0.02088,0.9261191781178113,0.5348,7.595,-7.055,6.106,-5.761,4.432,-4.226,3.514,-3.367,2.468,-2.42
68164,2025-05-12 17:00:00+00:00,102859.0,0.023239999999999997,0.9330609291396416,0.5252,8.036,-7.564,6.612,-6.315,4.91,-4.752,3.764,-3.741,2.765,-2.729
68188,2025-05-13 17:00:00+00:00,103754.0,0.02358,0.9386418311383573,0.5133,8.475,-8.0,6.916,-6.645,5.102,-4.974,3.939,-3.952,2.846,-2.865
68212,2025-05-14 17:00:00+00:00,103384.0,0.019799999999999998,0.9330609291396416,0.5074,7.422,-7.155,5.939,-5.822,4.276,-4.247,3.366,-3.356,2.388,-2.407
68236,2025-05-15 17:00:00+00:00,103859.0,0.01907,0.9330609291396416,0.5129,6.792,-6.557,5.456,-5.346,3.94,-3.902,3.117,-3.096,2.2,-2.224
68260,2025-05-16 17:00:00+00:00,104184.0,0.01791,0.9330609291396416,0.5231,6.081,-5.867,4.904,-4.793,3.574,-3.518,2.851,-2.812,1.996,-2.025
68284,2025-05-17 17:00:00+00:00,102974.0,0.01498,0.9319305022099661,0.5303,5.337,-5.193,4.274,-4.214,3.093,-3.068,2.45,-2.433,1.724,-1.747
68308,2025-05-18 17:00:00+00:00,105823.0,0.01583,0.9299507430795191,0.5181,5.872,-5.451,4.69,-4.411,3.387,-3.207,2.677,-2.549,1.892,-1.838
68332,2025-05-19 17:00:00+00:00,105387.0,0.02461,0.9327272732329142,0.5251,9.005,-8.477,7.206,-6.921,5.196,-5.062,4.112,-4.024,2.916,-2.897
68356,2025-05-20 17:00:00+00:00,105247.0,0.02215,0.9365906713218694,0.513,8.005,-7.595,6.495,-6.267,4.762,-4.661,3.735,-3.707,2.657,-2.688
68380,2025-05-21 17:00:00+00:00,109192.0,0.02658,0.9411905124935636,0.5121,9.762,-9.05,7.852,-7.425,5.68,-5.466,4.486,-4.35,3.149,-3.123
68404,2025-05-22 17:00:00+00:00,111302.0,0.026770000000000002,0.957881911407055,0.5203,9.032,-8.491,7.348,-7.019,5.377,-5.217,4.111,-4.118,2.986,-3.002
68428,2025-05-23 17:00:00+00:00,109074.0,0.02289,0.9467912875203122,0.5427,7.666,-7.393,6.192,-6.054,4.493,-4.439,3.536,-3.523,2.495,-2.546
68452,2025-05-24 17:00:00+00:00,109023.0,0.0191,0.952125609951007,0.5323,6.437,-6.177,5.301,-5.137,3.949,-3.864,3.034,-3.052,2.234,-2.219
68476,2025-05-25 17:00:00+00:00,107223.0,0.020659999999999998,0.952125609951007,0.523,7.409,-7.106,5.974,-5.822,4.339,-4.277,3.44,-3.401,2.416,-2.445
68500,2025-05-26 17:00:00+00:00,109397.0,0.02024,0.9467912875203122,0.5126,7.45,-6.939,6.063,-5.737,4.476,-4.287,3.491,-3.411,2.503,-2.475
68524,2025-05-27 17:00:00+00:00,110263.0,0.02149,0.9467912875203122,0.5104,7.939,-7.541,6.411,-6.189,4.689,-4.588,3.728,-3.666,2.628,-2.651
68548,2025-05-28 17:00:00+00:00,107439.0,0.019450000000000002,0.9467912875203122,0.5133,7.192,-6.998,5.74,-5.68,4.122,-4.126,3.252,-3.26,2.314,-2.343
68572,2025-05-29 17:00:00+00:00,106770.0,0.01818,0.940742052321084,0.512,6.327,-6.154,5.12,-5.047,3.74,-3.723,2.967,-2.964,2.086,-2.14
68596,2025-05-30 17:00:00+00:00,103904.0,0.02037,0.9454727361166679,0.5343,6.879,-6.745,5.506,-5.493,3.959,-3.977,3.136,-3.148,2.211,-2.265
68620,2025-05-31 17:00:00+00:00,104549.0,0.01709,0.9494655038140396,0.5163,5.809,-5.649,4.738,-4.662,3.513,-3.485,2.748,-2.777,1.983,-2.0
68644,2025-06-01 17:00:00+00:00,105098.0,0.01532,0.9520547407261747,0.5067,5.576,-5.335,4.495,-4.355,3.292,-3.214,2.625,-2.572,1.841,-1.855
68668,2025-06-02 17:00:00+00:00,104337.0,0.01895,0.942350059650461,0.5128,7.234,-6.947,5.722,-5.583,4.089,-4.052,3.221,-3.193,2.307,-2.309
68692,2025-06-03 17:00:00+00:00,105900.0,0.01839,0.942350059650461,0.5053,6.727,-6.393,5.457,-5.257,4.017,-3.914,3.177,-3.131,2.25,-2.271
68716,2025-06-04 17:00:00+00:00,105507.0,0.016120000000000002,0.937250845679668,0.506,6.072,-5.897,4.841,-4.766,3.488,-3.467,2.757,-2.747,1.972,-1.986
68740,2025-06-05 17:00:00+00:00,103310.0,0.01678,0.937250845679668,0.5168,6.175,-6.066,4.839,-4.823,3.365,-3.462,2.616,-2.635,1.859,-1.881
68764,2025-06-06 17:00:00+00:00,104850.0,0.0187,0.9386418311383573,0.5216,6.071,-5.966,4.917,-4.885,3.615,-3.613,2.832,-2.87,2.039,-2.075
68788,2025-06-07 17:00:00+00:00,105405.0,0.01336,0.9284341577396036,0.5161,4.674,-4.5,3.784,-3.675,2.788,-2.722,2.228,-2.181,1.564,-1.568
68812,2025-06-08 17:00:00+00:00,106254.0,0.01256,0.9199272698250225,0.5067,4.83,-4.593,3.825,-3.674,2.743,-2.673,2.161,-2.095,1.549,-1.515
68836,2025-06-09 17:00:00+00:00,107777.0,0.01616,0.9095524492415843,0.5109,6.087,-5.752,4.882,-4.677,3.554,-3.432,2.82,-2.734,1.995,-1.972
68860,2025-06-10 17:00:00+00:00,108752.0,0.019039999999999998,0.9248937815229314,0.5125,6.742,-6.404,5.535,-5.327,4.109,-3.998,3.154,-3.169,2.306,-2.298
68884,2025-06-11 17:00:00+00:00,109469.0,0.0175,0.9248937815229314,0.507,6.517,-6.264,5.223,-5.094,3.786,-3.727,2.996,-2.96,2.112,-2.128
68908,2025-06-12 17:00:00+00:00,107756.0,0.01763,0.9333638297356142,0.5156,6.502,-6.326,5.12,-5.054,3.587,-3.623,2.793,-2.792,1.982,-1.995
68932,2025-06-13 17:00:00+00:00,105847.0,0.02032,0.9333638297356142,0.5338,6.411,-6.35,5.2,-5.196,3.834,-3.854,2.945,-3.047,2.177,-2.209
68956,2025-06-14 17:00:00+00:00,104511.0,0.013859999999999999,0.9333638297356142,0.5158,4.807,-4.746,3.893,-3.885,2.862,-2.87,2.277,-2.284,1.594,-1.637
68980,2025-06-15 17:00:00+00:00,105593.0,0.01466,0.9333638297356142,0.5073,5.452,-5.199,4.368,-4.219,3.174,-3.087,2.516,-2.457,1.768,-1.769
69004,2025-06-16 17:00:00+00:00,107809.0,0.01688,0.9323219324583272,0.507,6.132,-5.792,4.97,-4.749,3.652,-3.522,2.904,-2.816,2.04,-2.031
69028,2025-06-17 17:00:00+00:00,103640.0,0.022000000000000002,0.9394606524044307,0.5151,8.033,-7.794,6.429,-6.355,4.611,-4.619,3.628,-3.644,2.585,-2.616
69052,2025-06-18 17:00:00+00:00,104465.0,0.01939,0.9494041071088093,0.5037,7.14,-6.894,5.714,-5.606,4.125,-4.096,3.262,-3.25,2.306,-2.336
69076,2025-06-19 17:00:00+00:00,104023.0,0.01754,0.954544739789839,0.5057,6.166,-6.015,4.945,-4.893,3.568,-3.561,2.823,-2.821,2.001,-2.029
69100,2025-06-20 17:00:00+00:00,103687.0,0.01701,0.9519933440209445,0.5239,5.793,-5.726,4.625,-4.637,3.318,-3.344,2.623,-2.64,1.862,-1.9
69124,2025-06-21 17:00:00+00:00,103532.0,0.01353,0.9519933440209445,0.5113,4.606,-4.526,3.773,-3.743,2.806,-2.801,2.188,-2.228,1.581,-1.602
69148,2025-06-22 17:00:00+00:00,99694.0,0.02848,0.9494041071088093,0.5192,9.738,-9.389,7.791,-7.683,5.569,-5.574,4.399,-4.406,3.123,-3.161
69172,2025-06-23 17:00:00+00:00,100740.0,0.025830000000000002,0.9494041071088093,0.507,9.392,-8.747,7.57,-7.188,5.498,-5.308,4.345,-4.223,3.069,-3.052
69196,2025-06-24 17:00:00+00:00,106274.0,0.02532,0.9591759229060817,0.5115,9.211,-8.434,7.482,-6.978,5.477,-5.19,4.254,-4.116,3.034,-2.982
69220,2025-06-25 17:00:00+00:00,107214.0,0.02174,0.9519933440209445,0.5046,8.267,-7.806,6.629,-6.37,4.763,-4.649,3.733,-3.666,2.64,-2.619
69244,2025-06-26 17:00:00+00:00,107238.0,0.01818,0.9528149039641284,0.5055,6.606,-6.33,5.316,-5.167,3.846,-3.779,3.035,-2.992,2.138,-2.141
69268,2025-06-27 17:00:00+00:00,107546.0,0.01598,0.9528149039641284,0.5161,5.581,-5.299,4.495,-4.316,3.264,-3.154,2.59,-2.511,1.825,-1.809
69292,2025-06-28 17:00:00+00:00,107351.0,0.01201,0.9494041071088093,0.5115,4.499,-4.321,3.612,-3.508,2.612,-2.548,2.053,-2.007,1.445,-1.429
69316,2025-06-29 17:00:00+00:00,107613.0,0.01244,0.9494041071088093,0.5035,5.168,-4.876,4.001,-3.813,2.813,-2.78,2.101,-2.03,1.475,-1.435
69340,2025-06-30 17:00:00+00:00,107633.0,0.01675,0.9494041071088093,0.5076,6.64,-6.247,5.214,-4.971,3.653,-3.59,2.839,-2.751,2.015,-1.965
69364,2025-07-01 17:00:00+00:00,106119.0,0.0167,0.9514828217504072,0.5059,6.805,-6.524,5.289,-5.142,3.675,-3.722,2.807,-2.782,1.975,-1.97
69388,2025-07-02 17:00:00+00:00,109470.0,0.0175,0.9514828217504072,0.5053,6.829,-6.417,5.379,-5.123,3.768,-3.676,2.92,-2.831,2.063,-2.015
69412,2025-07-03 17:00:00+00:00,109333.0,0.01825,0.9631470668505315,0.4996,6.658,-6.389,5.249,-5.114,3.67,-3.648,2.849,-2.815,2.015,-2.004
69436,2025-07-04 17:00:00+00:00,107673.0,0.01417,0.9691009755312419,0.5112,5.206,-5.086,4.068,-4.024,2.822,-2.894,2.186,-2.178,1.551,-1.553
69460,2025-07-05 17:00:00+00:00,108147.0,0.01103,0.9528149039641284,0.5082,4.119,-3.964,3.257,-3.16,2.318,-2.292,1.819,-1.776,1.303,-1.281
69484,2025-07-06 17:00:00+00:00,108881.0,0.010620000000000001,0.9450242759441885,0.5008,4.352,-4.135,3.379,-3.235,2.406,-2.374,1.822,-1.759,1.297,-1.258
69508,2025-07-07 17:00:00+00:00,107981.0,0.01455,0.9411100736346725,0.504,5.629,-5.423,4.429,-4.318,3.142,-3.138,2.468,-2.432,1.77,-1.754
69532,2025-07-08 17:00:00+00:00,108471.0,0.01432,0.939950526477775,0.5008,5.618,-5.412,4.415,-4.298,3.116,-3.128,2.44,-2.407,1.747,-1.735
69556,2025-07-09 17:00:00+00:00,109437.0,0.013959999999999998,0.9380696669457413,0.4991,5.529,-5.324,4.333,-4.217,3.035,-3.058,2.362,-2.331,1.68,-1.669
69580,2025-07-10 17:00:00+00:00,112711.0,0.01836,0.9394606524044307,0.5046,7.178,-6.672,5.53,-5.229,3.853,-3.793,2.843,-2.738,1.989,-1.942
69604,2025-07-11 17:00:00+00:00,117441.0,0.02073,0.9398286737180193,0.5282,6.332,-5.877,5.115,-4.778,3.775,-3.557,2.898,-2.805,2.165,-2.088
69628,2025-07-12 17:00:00+00:00,117234.0,0.014379999999999999,0.9357586369695208,0.5058,5.188,-4.921,4.133,-3.963,2.96,-2.848,2.329,-2.241,1.659,-1.61
69652,2025-07-13 17:00:00+00:00,118597.0,0.014199999999999999,0.9357586369695208,0.5493,5.101,-4.701,4.094,-3.814,2.962,-2.759,2.335,-2.181,1.643,-1.56
69676,2025-07-14 17:00:00+00:00,120282.0,0.023010000000000003,0.9411100736346725,0.5386,8.13,-7.399,6.548,-6.035,4.739,-4.404,3.743,-3.493,2.639,-2.512
69700,2025-07-15 17:00:00+00:00,117168.0,0.027080000000000003,0.9411100736346725,0.5003,10.171,-9.486,8.071,-7.698,5.719,-5.549,4.464,-4.353,3.163,-3.11
69724,2025-07-16 17:00:00+00:00,119362.0,0.023860000000000003,0.9514828217504072,0.5053,9.642,-8.969,7.521,-7.133,5.168,-5.113,3.95,-3.862,2.749,-2.725
69748,2025-07-17 17:00:00+00:00,118612.0,0.02081,0.9528149039641284,0.5047,7.647,-7.288,6.046,-5.867,4.245,-4.177,3.293,-3.252,2.317,-2.307
69772,2025-07-18 17:00:00+00:00,117615.0,0.02085,0.9514828217504072,0.5198,7.302,-7.042,5.802,-5.692,4.117,-4.082,3.237,-3.212,2.308,-2.311
69796,2025-07-19 17:00:00+00:00,118024.0,0.015009999999999999,0.9494041071088093,0.5112,5.59,-5.344,4.451,-4.315,3.184,-3.113,2.498,-2.451,1.779,-1.759
69820,2025-07-20 17:00:00+00:00,118588.0,0.01642,0.9398286737180193,0.5107,6.732,-6.318,5.183,-4.935,3.667,-3.631,2.734,-2.65,1.939,-1.893
69844,2025-07-21 17:00:00+00:00,117831.0,0.020659999999999998,0.9377267540773647,0.5132,8.153,-7.717,6.358,-6.122,4.428,-4.442,3.441,-3.386,2.451,-2.431
69868,2025-07-22 17:00:00+00:00,118740.0,0.02186,0.9494041071088093,0.512,8.268,-7.851,6.574,-6.362,4.705,-4.619,3.705,-3.654,2.642,-2.635
69892,2025-07-23 17:00:00+00:00,117811.0,0.01924,0.9450242759441885,0.5058,7.242,-6.945,5.768,-5.621,4.135,-4.082,3.258,-3.228,2.321,-2.325
69916,2025-07-24 17:00:00+00:00,118601.0,0.01861,0.9528149039641284,0.5091,6.741,-6.502,5.358,-5.25,3.821,-3.785,3.01,-2.987,2.152,-2.155
69940,2025-07-25 17:00:00+00:00,116231.0,0.02038,0.9631470668505315,0.523,7.042,-6.823,5.598,-5.516,3.993,-3.968,3.154,-3.136,2.235,-2.262
69964,2025-07-26 17:00:00+00:00,118114.0,0.01371,0.9691325825855658,0.5101,5.05,-4.81,4.042,-3.895,2.916,-2.829,2.299,-2.237,1.624,-1.604
69988,2025-07-27 17:00:00+00:00,119065.0,0.01502,0.954772553291299,0.506,6.195,-5.799,4.78,-4.534,3.36,-3.311,2.502,-2.412,1.762,-1.71
70012,2025-07-28 17:00:00+00:00,118015.0,0.01972,0.9744371613800604,0.5094,7.856,-7.41,6.107,-5.858,4.223,-4.231,3.254,-3.191,2.301,-2.273
70036,2025-07-29 17:00:00+00:00,117713.0,0.021339999999999998,0.9691325825855658,0.5075,8.729,-8.219,6.755,-6.483,4.676,-4.683,3.539,-3.487,2.486,-2.471
70060,2025-07-30 17:00:00+00:00,117729.0,0.01634,0.9511318701567408,0.5038,6.033,-5.848,4.816,-4.733,3.465,-3.438,2.74,-2.724,1.956,-1.967
70084,2025-07-31 17:00:00+00:00,118510.0,0.015569999999999999,0.9517631166469162,0.5049,5.532,-5.381,4.414,-4.35,3.16,-3.138,2.493,-2.477,1.773,-1.782
70108,2025-08-01 17:00:00+00:00,114964.0,0.01722,0.954772553291299,0.5187,5.557,-5.518,4.505,-4.516,3.332,-3.351,2.617,-2.664,1.897,-1.926
70132,2025-08-02 17:00:00+00:00,113159.0,0.01456,0.9574548530614635,0.5166,4.791,-4.797,3.901,-3.943,2.887,-2.927,2.275,-2.324,1.634,-1.674
70156,2025-08-03 17:00:00+00:00,114001.0,0.01575,0.9734515887108046,0.5054,5.48,-5.343,4.431,-4.371,3.267,-3.242,2.613,-2.594,1.844,-1.866
70180,2025-08-04 17:00:00+00:00,115306.0,0.016319999999999998,0.9734515887108046,0.5046,6.264,-5.97,4.958,-4.789,3.564,-3.487,2.818,-2.758,2.008,-1.997
70204,2025-08-05 17:00:00+00:00,113149.0,0.01737,0.9629079955751152,0.5067,6.247,-6.143,5.032,-5.019,3.662,-3.685,2.913,-2.933,2.046,-2.11
70228,2025-08-06 17:00:00+00:00,115107.0,0.01642,0.9797865032694355,0.4983,5.855,-5.659,4.737,-4.63,3.477,-3.427,2.778,-2.748,1.949,-1.982
70252,2025-08-07 17:00:00+00:00,116293.0,0.01587,0.982315032374386,0.5038,6.046,-5.817,4.702,-4.591,3.287,-3.323,2.535,-2.506,1.806,-1.799
70276,2025-08-08 17:00:00+00:00,116187.0,0.014339999999999999,0.9866663047685341,0.5149,5.03,-4.894,3.974,-3.908,2.827,-2.825,2.229,-2.204,1.593,-1.594
70300,2025-08-09 17:00:00+00:00,116668.0,0.012769999999999998,0.9811835342308062,0.5176,4.76,-4.593,3.724,-3.632,2.64,-2.659,2.061,-2.025,1.484,-1.467
70324,2025-08-10 17:00:00+00:00,118682.0,0.01636,0.984103475750016,0.5239,6.324,-5.937,4.893,-4.66,3.489,-3.435,2.644,-2.545,1.897,-1.838
70348,2025-08-11 17:00:00+00:00,119950.0,0.021240000000000002,0.9903794426512796,0.5181,7.962,-7.423,6.247,-5.925,4.381,-4.287,3.425,-3.304,2.455,-2.387
70372,2025-08-12 17:00:00+00:00,119658.0,0.02027,0.9903794426512796,0.51,7.805,-7.474,6.111,-5.951,4.271,-4.305,3.327,-3.301,2.371,-2.37
70396,2025-08-13 17:00:00+00:00,121455.0,0.02147,0.984103475750016,0.5066,8.127,-7.696,6.405,-6.175,4.517,-4.44,3.527,-3.467,2.511,-2.491
70420,2025-08-14 17:00:00+00:00,117934.0,0.02445,0.9995225334560405,0.5374,7.572,-7.533,6.14,-6.169,4.53,-4.574,3.469,-3.582,2.574,-2.622
70444,2025-08-15 17:00:00+00:00,117435.0,0.01745,1.0027701348199207,0.5114,5.814,-5.679,4.669,-4.622,3.4,-3.38,2.71,-2.697,1.9,-1.943
70468,2025-08-16 17:00:00+00:00,117834.0,0.0126,0.9903794426512796,0.5093,4.382,-4.301,3.543,-3.512,2.605,-2.591,2.078,-2.069,1.453,-1.481
70492,2025-08-17 17:00:00+00:00,117891.0,0.013460000000000001,0.9826434492243097,0.5027,5.262,-5.061,4.116,-4.003,2.876,-2.894,2.226,-2.193,1.577,-1.564
70516,2025-08-18 17:00:00+00:00,116027.0,0.01883,0.9815119510807299,0.5053,6.85,-6.689,5.445,-5.403,3.887,-3.899,3.06,-3.074,2.187,-2.213
70540,2025-08-19 17:00:00+00:00,113392.0,0.020790000000000003,0.9866663047685341,0.5112,8.275,-7.968,6.373,-6.25,4.476,-4.568,3.336,-3.346,2.357,-2.381
70564,2025-08-20 17:00:00+00:00,113851.0,0.02075,0.9866663047685341,0.5013,8.15,-7.812,6.322,-6.17,4.378,-4.467,3.358,-3.355,2.374,-2.393
70588,2025-08-21 17:00:00+00:00,112346.0,0.01965,0.9866663047685341,0.5053,7.602,-7.388,5.813,-5.754,4.095,-4.219,2.956,-2.984,2.062,-2.111
70612,2025-08-22 17:00:00+00:00,116132.0,0.02043,0.9866663047685341,0.4866,6.55,-6.166,5.299,-5.039,3.898,-3.744,3.034,-2.994,2.21,-2.175
70636,2025-08-23 17:00:00+00:00,114970.0,0.015560000000000001,0.984103475750016,0.524,5.626,-5.472,4.456,-4.387,3.181,-3.174,2.505,-2.486,1.777,-1.791
70660,2025-08-24 17:00:00+00:00,114239.0,0.015969999999999998,0.984103475750016,0.5126,6.657,-6.309,5.054,-4.842,3.631,-3.59,2.588,-2.526,1.828,-1.796
70684,2025-08-25 17:00:00+00:00,112526.0,0.02651,0.995603256874806,0.5221,9.54,-9.114,7.592,-7.415,5.429,-5.384,4.286,-4.263,3.047,-3.076
70708,2025-08-26 17:00:00+00:00,110154.0,0.02912,1.0045238078120358,0.5163,10.596,-10.042,8.45,-8.201,6.031,-5.965,4.742,-4.712,3.376,-3.391
70732,2025-08-27 17:00:00+00:00,112161.0,0.021400000000000002,1.0045238078120358,0.4977,8.022,-7.641,6.404,-6.21,4.605,-4.533,3.626,-3.591,2.578,-2.588
70756,2025-08-28 17:00:00+00:00,112360.0,0.02113,1.0045238078120358,0.501,7.67,-7.407,6.06,-5.96,4.265,-4.255,3.328,-3.329,2.361,-2.383
70780,2025-08-29 17:00:00+00:00,108736.0,0.01935,0.9999036204881608,0.5155,6.583,-6.495,5.252,-5.272,3.755,-3.796,2.963,-2.991,2.096,-2.149
70804,2025-08-30 17:00:00+00:00,108830.0,0.01502,0.9999036204881608,0.503,4.994,-4.907,4.093,-4.061,3.051,-3.046,2.368,-2.426,1.735,-1.754
70828,2025-08-31 17:00:00+00:00,108934.0,0.014419999999999999,0.9934293075812938,0.5051,5.658,-5.434,4.391,-4.267,3.136,-3.15,2.414,-2.373,1.739,-1.722
70852,2025-09-01 17:00:00+00:00,108794.0,0.01802,0.984103475750016,0.5044,6.448,-6.245,5.182,-5.092,3.803,-3.768,3.046,-3.024,2.15,-2.189
70876,2025-09-02 17:00:00+00:00,110791.0,0.02162,0.9841053176998411,0.5027,7.924,-7.54,6.32,-6.121,4.561,-4.473,3.619,-3.565,2.564,-2.582
70900,2025-09-03 17:00:00+00:00,111891.0,0.02067,0.9991533246794274,0.5016,7.719,-7.389,6.108,-5.949,4.344,-4.293,3.414,-3.384,2.444,-2.446
70924,2025-09-04 17:00:00+00:00,109442.0,0.01848,0.9991533246794274,0.5078,7.004,-6.809,5.415,-5.359,3.775,-3.885,2.834,-2.845,1.993,-2.016
70948,2025-09-05 17:00:00+00:00,110820.0,0.01718,0.9884401323989795,0.5059,5.747,-5.595,4.623,-4.558,3.37,-3.34,2.689,-2.668,1.884,-1.924
70972,2025-09-06 17:00:00+00:00,110289.0,0.0138,0.9884401323989795,0.5125,4.922,-4.805,3.936,-3.888,2.833,-2.816,2.236,-2.224,1.58,-1.596
70996,2025-09-07 17:00:00+00:00,111211.0,0.01284,0.9884401323989795,0.5028,5.183,-4.925,4.015,-3.852,2.859,-2.841,2.156,-2.093,1.533,-1.498
71020,2025-09-08 17:00:00+00:00,112407.0,0.01789,0.9841053176998411,0.5061,7.305,-6.901,5.609,-5.387,3.978,-3.965,2.945,-2.884,2.088,-2.06
71044,2025-09-09 17:00:00+00:00,111000.0,0.01837,0.9830816772705563,0.5096,7.153,-6.914,5.589,-5.485,3.887,-3.96,3.012,-3.009,2.133,-2.145
71068,2025-09-10 17:00:00+00:00,113793.0,0.01816,0.9841053176998411,0.5015,6.931,-6.599,5.449,-5.264,3.838,-3.811,2.998,-2.945,2.139,-2.119
71092,2025-09-11 17:00:00+00:00,114515.0,0.01734,0.9884401323989795,0.5048,6.547,-6.32,5.075,-4.978,3.538,-3.608,2.685,-2.67,1.897,-1.901
71116,2025-09-12 17:00:00+00:00,115540.0,0.01482,0.9878540313381186,0.5104,5.476,-5.248,4.256,-4.133,2.993,-3.015,2.292,-2.248,1.638,-1.618
71140,2025-09-13 17:00:00+00:00,115393.0,0.01252,0.9837652259785126,0.5163,4.609,-4.47,3.631,-3.555,2.569,-2.586,2.015,-1.987,1.444,-1.434
71164,2025-09-14 17:00:00+00:00,115539.0,0.013919999999999998,0.9815119510807299,0.508,6.165,-5.853,4.52,-4.345,3.259,-3.152,2.19,-2.141,1.533,-1.526
71188,2025-09-15 17:00:00+00:00,114705.0,0.017669999999999998,0.9826434492243097,0.5095,6.996,-6.698,5.39,-5.243,3.812,-3.857,2.868,-2.836,2.044,-2.034
71212,2025-09-16 17:00:00+00:00,116090.0,0.01536,0.9826434492243097,0.4995,5.888,-5.638,4.626,-4.484,3.253,-3.248,2.541,-2.496,1.817,-1.797
71236,2025-09-17 17:00:00+00:00,115675.0,0.01558,0.9772718398211011,0.4995,6.529,-6.33,4.928,-4.834,3.552,-3.569,2.464,-2.467,1.727,-1.755
71260,2025-09-18 17:00:00+00:00,117619.0,0.018349999999999998,0.9830816772705563,0.5022,6.78,-6.529,5.262,-5.152,3.654,-3.725,2.801,-2.781,1.99,-1.99
71284,2025-09-19 17:00:00+00:00,116144.0,0.01389,0.9772718398211011,0.522,5.303,-5.221,4.015,-3.993,2.92,-2.948,2.008,-2.015,1.408,-1.431
71308,2025-09-20 17:00:00+00:00,116116.0,0.01035,0.9658760313129396,0.5083,4.269,-4.139,3.215,-3.132,2.346,-2.317,1.611,-1.588,1.127,-1.124
71332,2025-09-21 17:00:00+00:00,115382.0,0.01141,0.9598165287671647,0.4996,5.398,-5.145,3.835,-3.699,2.642,-2.567,1.71,-1.699,1.199,-1.183
71356,2025-09-22 17:00:00+00:00,112678.0,0.01781,0.9598165287671647,0.5185,6.316,-6.282,5.0,-5.057,3.538,-3.619,2.774,-2.82,1.978,-2.019
71380,2025-09-23 17:00:00+00:00,112870.0,0.01624,0.9598165287671647,0.5038,6.628,-6.388,5.067,-4.955,3.593,-3.653,2.616,-2.606,1.84,-1.851
71404,2025-09-24 17:00:00+00:00,113775.0,0.01635,0.9598165287671647,0.5011,6.549,-6.298,5.058,-4.936,3.542,-3.596,2.654,-2.638,1.868,-1.871
71428,2025-09-25 17:00:00+00:00,110993.0,0.01994,0.9658760313129396,0.5067,7.724,-7.537,5.853,-5.807,4.164,-4.283,2.878,-2.915,1.995,-2.066
71452,2025-09-26 17:00:00+00:00,109517.0,0.01704,0.9678784581385977,0.4964,5.696,-5.61,4.536,-4.532,3.252,-3.266,2.577,-2.585,1.824,-1.866
71476,2025-09-27 17:00:00+00:00,109433.0,0.010709999999999999,0.9658760313129396,0.505,3.936,-3.871,3.128,-3.104,2.244,-2.254,1.766,-1.76,1.249,-1.263
71500,2025-09-28 17:00:00+00:00,110250.0,0.01257,0.9658760313129396,0.4991,5.589,-5.317,4.161,-3.989,3.023,-2.917,2.019,-1.97,1.403,-1.398
71524,2025-09-29 17:00:00+00:00,113688.0,0.01621,0.9678784581385977,0.5141,5.754,-5.344,4.624,-4.349,3.36,-3.179,2.664,-2.531,1.879,-1.819
71548,2025-09-30 17:00:00+00:00,112858.0,0.0169,0.9712775378567606,0.5005,7.157,-6.788,5.449,-5.243,3.87,-3.866,2.757,-2.71,1.928,-1.924
71572,2025-10-01 17:00:00+00:00,117643.0,0.020139999999999998,0.9685270202621199,0.5097,7.993,-7.402,6.116,-5.766,4.3,-4.226,3.096,-2.98,2.161,-2.118
71596,2025-10-02 17:00:00+00:00,119824.0,0.01926,0.9712775378567606,0.5,7.571,-7.053,5.753,-5.444,4.1,-4.028,2.849,-2.752,1.983,-1.956
71620,2025-10-03 17:00:00+00:00,122625.0,0.01967,0.9772718398211011,0.5168,7.529,-6.966,5.702,-5.359,4.104,-3.96,2.839,-2.717,1.998,-1.947
71644,2025-10-04 17:00:00+00:00,121806.0,0.01614,0.9830816772705563,0.5382,5.772,-5.588,4.56,-4.47,3.244,-3.24,2.552,-2.52,1.817,-1.819
71668,2025-10-05 17:00:00+00:00,123298.0,0.02032,0.9826434492243097,0.5416,7.113,-6.559,5.696,-5.335,4.14,-3.905,3.29,-3.119,2.304,-2.256
71692,2025-10-06 17:00:00+00:00,125535.0,0.02125,0.9831610069881385,0.5207,8.36,-7.68,6.513,-6.093,4.526,-4.412,3.502,-3.341,2.489,-2.392
71716,2025-10-07 17:00:00+00:00,121753.0,0.02512,0.9779669518682594,0.5153,10.144,-9.604,7.755,-7.513,5.389,-5.47,3.921,-3.911,2.726,-2.78
71740,2025-10-08 17:00:00+00:00,123100.0,0.02251,0.9838427137462696,0.5029,8.669,-8.177,6.817,-6.55,4.776,-4.707,3.711,-3.65,2.628,-2.61
71764,2025-10-09 17:00:00+00:00,119930.0,0.02165,0.9831610069881385,0.5099,7.931,-7.683,6.223,-6.14,4.306,-4.375,3.33,-3.34,2.347,-2.37
71788,2025-10-10 17:00:00+00:00,118254.0,0.02292,0.9826452911741348,0.5244,8.28,-8.05,6.412,-6.372,4.43,-4.571,3.334,-3.358,2.345,-2.379
71812,2025-10-11 17:00:00+00:00,111962.0,0.030950000000000002,0.9831610069881385,0.5424,9.306,-9.269,7.664,-7.71,5.769,-5.832,4.469,-4.528,3.353,-3.419
71836,2025-10-12 17:00:00+00:00,114170.0,0.0305,0.9838427137462696,0.4977,10.725,-9.904,8.632,-8.155,6.252,-6.02,4.942,-4.793,3.461,-3.464
71860,2025-10-13 17:00:00+00:00,114759.0,0.027639999999999998,0.9831610069881385,0.5,9.679,-9.087,7.902,-7.571,5.814,-5.666,4.445,-4.49,3.23,-3.265
71884,2025-10-14 17:00:00+00:00,112394.0,0.02896,0.9706554845304673,0.5004,10.475,-9.804,8.465,-8.099,6.137,-5.994,4.786,-4.75,3.391,-3.42
71908,2025-10-15 17:00:00+00:00,110821.0,0.02611,0.9831610069881385,0.5034,9.085,-8.719,7.481,-7.303,5.547,-5.499,4.233,-4.303,3.088,-3.145
71932,2025-10-16 17:00:00+00:00,109256.0,0.02732,0.9838427137462696,0.4849,8.874,-8.516,7.259,-7.062,5.375,-5.297,4.12,-4.149,3.043,-3.057
71956,2025-10-17 17:00:00+00:00,106390.0,0.026770000000000002,0.9880886703793307,0.4899,8.509,-8.235,6.916,-6.779,5.113,-5.06,3.918,-3.974,2.905,-2.916
71980,2025-10-18 17:00:00+00:00,106695.0,0.01752,0.9880886703793307,0.4881,5.713,-5.624,4.734,-4.701,3.562,-3.564,2.749,-2.768,2.035,-2.059
72004,2025-10-19 17:00:00+00:00,108656.0,0.01983,0.9838427137462696,0.4986,6.675,-6.304,5.535,-5.279,4.17,-4.019,3.225,-3.146,2.386,-2.339
72028,2025-10-20 17:00:00+00:00,110733.0,0.02298,0.9859747510275568,0.5008,7.837,-7.319,6.476,-6.124,4.848,-4.644,3.74,-3.641,2.762,-2.693
72052,2025-10-21 17:00:00+00:00,112590.0,0.029609999999999997,0.9831610069881385,0.503,10.396,-9.516,8.439,-7.885,6.176,-5.871,4.784,-4.663,3.44,-3.408
72076,2025-10-22 17:00:00+00:00,108223.0,0.02856,0.9838427137462696,0.5074,9.688,-9.273,7.92,-7.718,5.84,-5.782,4.472,-4.579,3.279,-3.339
72100,2025-10-23 17:00:00+00:00,110291.0,0.0239,0.9859747510275568,0.474,7.835,-7.41,6.392,-6.122,4.708,-4.567,3.598,-3.615,2.651,-2.641
72124,2025-10-24 17:00:00+00:00,110268.0,0.020019999999999996,0.9831610069881385,0.4911,6.318,-6.124,5.173,-5.055,3.866,-3.803,2.982,-2.974,2.221,-2.212
72148,2025-10-25 17:00:00+00:00,111403.0,0.01375,0.9729471517013479,0.4989,4.646,-4.466,3.842,-3.719,2.888,-2.812,2.23,-2.22,1.648,-1.624
72172,2025-10-26 17:00:00+00:00,113531.0,0.015149999999999999,0.9729471517013479,0.5059,5.217,-4.916,4.318,-4.105,3.26,-3.12,2.527,-2.466,1.873,-1.816
72196,2025-10-27 17:00:00+00:00,115495.0,0.01798,0.9783609685591862,0.5287,5.593,-5.25,4.67,-4.398,3.577,-3.391,2.799,-2.67,2.11,-2.029
72220,2025-10-28 17:00:00+00:00,115351.0,0.01823,0.9825337007366135,0.4996,6.219,-6.039,5.108,-5.021,3.829,-3.79,2.964,-3.024,2.201,-2.201
72244,2025-10-29 17:00:00+00:00,111105.0,0.01973,0.9825337007366135,0.509,6.761,-6.675,5.466,-5.476,4.013,-4.048,3.198,-3.224,2.258,-2.328
72268,2025-10-30 17:00:00+00:00,108124.0,0.026070000000000003,0.9859747510275568,0.525,7.789,-7.715,6.381,-6.382,4.804,-4.812,3.724,-3.737,2.796,-2.822
72292,2025-10-31 17:00:00+00:00,108759.0,0.02243,0.9880886703793307,0.4776,6.883,-6.67,5.635,-5.506,4.238,-4.172,3.284,-3.254,2.462,-2.458
72316,2025-11-01 17:00:00+00:00,110416.0,0.01613,0.9880886703793307,0.4881,5.096,-4.993,4.258,-4.195,3.25,-3.226,2.533,-2.529,1.894,-1.905
72340,2025-11-02 17:00:00+00:00,110098.0,0.016040000000000002,0.9826111885043705,0.4955,5.492,-5.344,4.521,-4.453,3.377,-3.352,2.6,-2.654,1.914,-1.923
72364,2025-11-03 17:00:00+00:00,106639.0,0.025539999999999997,0.9838427137462696,0.5111,8.422,-8.231,6.936,-6.865,5.156,-5.163,3.951,-4.01,2.907,-2.945
72388,2025-11-04 17:00:00+00:00,102195.0,0.0298,0.9909659568631055,0.5123,10.568,-9.973,8.569,-8.268,6.252,-6.144,4.869,-4.871,3.459,-3.529
72412,2025-11-05 17:00:00+00:00,103902.0,0.03279,0.99298853423922,0.4869,10.95,-10.285,9.019,-8.622,6.704,-6.539,5.135,-5.077,3.776,-3.773
72436,2025-11-06 17:00:00+00:00,100794.0,0.03,0.99298853423922,0.4914,10.689,-10.148,8.516,-8.283,6.007,-5.965,4.673,-4.664,3.272,-3.302
72460,2025-11-07 17:00:00+00:00,101106.0,0.026699999999999998,1.0000846079240029,0.4696,8.63,-8.28,7.045,-6.857,5.216,-5.145,3.992,-4.035,2.948,-2.964
72484,2025-11-08 17:00:00+00:00,101832.0,0.021869999999999997,1.0024779626562057,0.4932,7.119,-6.873,5.891,-5.752,4.428,-4.372,3.417,-3.403,2.531,-2.541
72508,2025-11-09 17:00:00+00:00,103839.0,0.02101,0.9949215181111257,0.5049,7.429,-6.956,6.091,-5.792,4.522,-4.354,3.474,-3.455,2.539,-2.509
72532,2025-11-10 17:00:00+00:00,105225.0,0.0255,0.9949215181111257,0.5057,9.057,-8.47,7.37,-7.025,5.442,-5.266,4.24,-4.195,3.058,-3.056
72556,2025-11-11 17:00:00+00:00,103382.0,0.02541,0.9976153588043242,0.502,8.724,-8.287,7.19,-6.943,5.367,-5.258,4.133,-4.146,3.046,-3.046
72580,2025-11-12 17:00:00+00:00,101416.0,0.02522,0.9976153588043242,0.5047,8.953,-8.61,7.23,-7.094,5.257,-5.236,4.144,-4.152,2.924,-2.997
72604,2025-11-13 17:00:00+00:00,100586.0,0.02691,1.0055758623352047,0.4975,9.112,-8.746,7.36,-7.201,5.334,-5.296,4.19,-4.2,2.973,-3.043
72628,2025-11-14 17:00:00+00:00,96960.0,0.031030000000000002,1.0122062158811067,0.4974,9.916,-9.568,8.048,-7.884,5.935,-5.89,4.534,-4.611,3.352,-3.389
72652,2025-11-15 17:00:00+00:00,96082.0,0.02595,1.017076246025489,0.4836,8.233,-8.067,6.781,-6.73,5.086,-5.106,3.916,-3.962,2.903,-2.958
72676,2025-11-16 17:00:00+00:00,94171.0,0.02778,1.017076246025489,0.4981,10.262,-9.771,8.164,-7.955,5.786,-5.752,4.512,-4.512,3.179,-3.213
72700,2025-11-17 17:00:00+00:00,94228.0,0.036230000000000005,1.017076246025489,0.4968,12.609,-11.693,10.274,-9.765,7.526,-7.322,5.735,-5.807,4.172,-4.233
72724,2025-11-18 17:00:00+00:00,93433.0,0.03809,1.0247812884510115,0.4938,13.422,-12.331,10.913,-10.29,7.964,-7.705,6.083,-6.11,4.386,-4.456
72748,2025-11-19 17:00:00+00:00,89822.0,0.03508,1.0279339918084984,0.5077,12.619,-11.775,10.14,-9.717,7.283,-7.152,5.717,-5.658,4.039,-4.059
72772,2025-11-20 17:00:00+00:00,87776.0,0.03398,1.0298883856209606,0.4855,11.822,-11.124,9.501,-9.164,6.826,-6.729,5.384,-5.347,3.78,-3.844
72796,2025-11-21 17:00:00+00:00,84823.0,0.04305,1.0310138993495301,0.4639,13.865,-12.813,11.188,-10.575,8.206,-7.924,6.253,-6.226,4.621,-4.595
72820,2025-11-22 17:00:00+00:00,84643.0,0.03032,1.0341964189570614,0.4757,9.569,-9.202,7.917,-7.721,5.979,-5.916,4.627,-4.625,3.447,-3.476
72844,2025-11-23 17:00:00+00:00,86647.0,0.028370000000000003,1.0298883856209606,0.4803,9.647,-9.107,7.923,-7.613,5.881,-5.751,4.511,-4.545,3.316,-3.324
72868,2025-11-24 17:00:00+00:00,87134.0,0.035339999999999996,1.033703227567678,0.4917,11.821,-10.985,9.744,-9.225,7.286,-7.039,5.615,-5.499,4.154,-4.121
72892,2025-11-25 17:00:00+00:00,87070.0,0.030449999999999998,1.0279339918084984,0.4987,10.581,-9.936,8.721,-8.351,6.505,-6.346,5.006,-4.99,3.684,-3.685
72916,2025-11-26 17:00:00+00:00,87796.0,0.02828,1.0247812884510115,0.4916,9.409,-8.946,7.791,-7.522,5.871,-5.757,4.552,-4.518,3.382,-3.394
72940,2025-11-27 17:00:00+00:00,91458.0,0.025750000000000002,1.0247812884510115,0.4806,8.455,-7.916,6.913,-6.559,5.141,-4.945,3.959,-3.942,2.937,-2.893
72964,2025-11-28 17:00:00+00:00,90946.0,0.02213,1.0173943143722772,0.4984,7.262,-6.989,5.92,-5.767,4.377,-4.307,3.381,-3.42,2.484,-2.487
72988,2025-11-29 17:00:00+00:00,91033.0,0.01698,1.0173943143722772,0.502,5.716,-5.53,4.705,-4.606,3.525,-3.479,2.72,-2.766,2.011,-2.013
73012,2025-11-30 17:00:00+00:00,91817.0,0.01799,1.0065852371439257,0.4999,6.228,-5.882,5.104,-4.88,3.815,-3.68,2.958,-2.934,2.176,-2.132
73036,2025-12-01 17:00:00+00:00,84534.0,0.03497,1.005216017540467,0.5365,12.745,-11.911,10.115,-9.73,7.16,-7.044,5.611,-5.549,3.98,-3.983
73060,2025-12-02 17:00:00+00:00,90763.0,0.02935,1.0084276653443656,0.4825,9.588,-8.864,7.929,-7.429,5.963,-5.678,4.61,-4.442,3.425,-3.341
73084,2025-12-03 17:00:00+00:00,92261.0,0.03159,1.005216017540467,0.4978,10.544,-9.957,8.716,-8.366,6.515,-6.37,5.004,-4.953,3.683,-3.685
73108,2025-12-04 17:00:00+00:00,92449.0,0.027719999999999998,1.0065852371439257,0.4855,9.283,-8.825,7.585,-7.323,5.567,-5.467,4.233,-4.296,3.095,-3.133
73132,2025-12-05 17:00:00+00:00,88834.0,0.02675,1.0024779626562057,0.4939,8.598,-8.301,7.0,-6.847,5.147,-5.095,3.919,-3.974,2.881,-2.908
73156,2025-12-06 17:00:00+00:00,89728.0,0.01774,1.0065852371439257,0.4945,5.798,-5.529,4.845,-4.654,3.686,-3.575,2.864,-2.797,2.128,-2.097
73180,2025-12-07 17:00:00+00:00,89899.0,0.02194,1.0000846079240029,0.4827,7.068,-6.714,5.866,-5.627,4.422,-4.292,3.414,-3.342,2.529,-2.498
73204,2025-12-08 17:00:00+00:00,89965.0,0.0281,1.0084276653443656,0.5046,9.475,-9.017,7.843,-7.571,5.873,-5.758,4.527,-4.486,3.341,-3.336
73228,2025-12-09 17:00:00+00:00,94190.0,0.02536,1.0065852371439257,0.488,8.208,-7.605,6.824,-6.389,5.169,-4.905,4.012,-3.845,2.988,-2.894
73252,2025-12-10 17:00:00+00:00,92163.0,0.02374,1.0046520524593436,0.4967,8.286,-7.942,6.8,-6.63,5.035,-4.978,3.849,-3.928,2.815,-2.862
73276,2025-12-11 17:00:00+00:00,89738.0,0.028130000000000002,1.0065852371439257,0.4917,9.204,-8.805,7.541,-7.323,5.591,-5.506,4.281,-4.304,3.155,-3.17
73300,2025-12-12 17:00:00+00:00,90055.0,0.024409999999999998,1.0054412518885343,0.4837,7.742,-7.486,6.362,-6.226,4.758,-4.704,3.661,-3.647,2.717,-2.728
73324,2025-12-13 17:00:00+00:00,90104.0,0.01633,1.0173943143722772,0.4941,5.536,-5.344,4.599,-4.48,3.45,-3.392,2.651,-2.635,1.943,-1.939
73348,2025-12-14 17:00:00+00:00,88834.0,0.02061,1.0054412518885343,0.5045,7.737,-7.391,6.207,-6.038,4.446,-4.392,3.472,-3.446,2.433,-2.438
73372,2025-12-15 17:00:00+00:00,86382.0,0.0305,1.0185132935966523,0.5196,11.474,-10.677,9.188,-8.772,6.562,-6.408,5.119,-5.038,3.58,-3.568
73396,2025-12-16 17:00:00+00:00,87570.0,0.02717,1.013297695488748,0.5038,9.935,-9.206,8.09,-7.659,5.928,-5.719,4.544,-4.523,3.264,-3.274
73420,2025-12-17 17:00:00+00:00,86972.0,0.02915,1.0046520524593436,0.4784,9.448,-8.872,7.822,-7.444,5.864,-5.672,4.507,-4.409,3.324,-3.286
73444,2025-12-18 17:00:00+00:00,87973.0,0.02711,1.013297695488748,0.4568,8.927,-8.442,7.304,-7.012,5.388,-5.253,4.103,-4.091,3.008,-3.01
73468,2025-12-19 17:00:00+00:00,87910.0,0.02846,1.0078476451700973,0.4535,8.854,-8.438,7.267,-7.011,5.445,-5.317,4.199,-4.139,3.131,-3.114
73492,2025-12-20 17:00:00+00:00,88112.0,0.01728,1.013297695488748,0.4876,5.575,-5.421,4.669,-4.568,3.557,-3.506,2.755,-2.731,2.04,-2.036
73516,2025-12-21 17:00:00+00:00,88318.0,0.0178,1.0046520524593436,0.4948,6.452,-6.063,5.3,-5.05,3.933,-3.784,3.001,-2.984,2.181,-2.156
73540,2025-12-22 17:00:00+00:00,89508.0,0.02481,1.0054412518885343,0.5078,8.867,-8.227,7.305,-6.9,5.436,-5.21,4.159,-4.08,3.034,-2.986
73564,2025-12-23 17:00:00+00:00,87952.0,0.02537,1.0054412518885343,0.5085,9.245,-8.623,7.575,-7.203,5.591,-5.405,4.254,-4.255,3.082,-3.098
73588,2025-12-24 17:00:00+00:00,87212.0,0.0232,1.0078476451700973,0.5006,8.44,-7.995,6.857,-6.619,5.011,-4.913,3.901,-3.889,2.761,-2.8
73612,2025-12-25 17:00:00+00:00,88017.0,0.01713,1.0078476451700973,0.4842,6.406,-6.107,5.091,-4.927,3.602,-3.53,2.793,-2.749,1.953,-1.939
73636,2025-12-26 17:00:00+00:00,86771.0,0.01973,1.0054412518885343,0.4917,6.55,-6.418,5.33,-5.285,3.901,-3.902,3.019,-3.075,2.164,-2.22
73660,2025-12-27 17:00:00+00:00,87443.0,0.0116,1.0078476451700973,0.4915,4.3,-4.123,3.488,-3.378,2.557,-2.492,2.026,-1.982,1.406,-1.414
73684,2025-12-28 17:00:00+00:00,87743.0,0.01234,1.003091671397583,0.4969,5.018,-4.723,3.957,-3.756,2.782,-2.713,2.159,-2.079,1.523,-1.478
73708,2025-12-29 17:00:00+00:00,87524.0,0.02062,1.0017323658729178,0.5114,7.392,-7.006,6.03,-5.815,4.446,-4.336,3.444,-3.429,2.464,-2.479
73732,2025-12-30 17:00:00+00:00,88665.0,0.01997,1.003091671397583,0.5026,7.079,-6.632,5.814,-5.525,4.296,-4.131,3.274,-3.25,2.38,-2.359
73756,2025-12-31 17:00:00+00:00,87537.0,0.01885,1.0017323658729178,0.4988,7.33,-6.986,5.802,-5.623,4.084,-4.018,3.157,-3.117,2.203,-2.193
73780,2026-01-01 17:00:00+00:00,87871.0,0.01486,1.0017323658729178,0.4858,6.068,-5.772,4.693,-4.524,3.229,-3.237,2.371,-2.33,1.624,-1.634
73804,2026-01-02 17:00:00+00:00,90329.0,0.01859,0.9980888030057311,0.4718,6.205,-5.901,5.018,-4.823,3.647,-3.535,2.88,-2.807,2.026,-2.028
73828,2026-01-03 17:00:00+00:00,90051.0,0.01414,0.9980888030057311,0.4949,4.846,-4.692,3.967,-3.882,2.93,-2.884,2.279,-2.282,1.63,-1.637
73852,2026-01-04 17:00:00+00:00,91281.0,0.01571,0.9817463278602495,0.5027,6.048,-5.718,4.778,-4.581,3.391,-3.309,2.649,-2.572,1.884,-1.843
73876,2026-01-05 17:00:00+00:00,93685.0,0.020179999999999997,0.9950476279894812,0.5101,7.565,-6.96,6.004,-5.617,4.271,-4.04,3.343,-3.18,2.381,-2.285
73900,2026-01-06 17:00:00+00:00,92649.0,0.02242,0.9917101313263548,0.4999,8.84,-8.34,6.942,-6.671,4.835,-4.79,3.733,-3.681,2.619,-2.607
73924,2026-01-07 17:00:00+00:00,91165.0,0.022240000000000003,0.9917101313263548,0.4952,7.864,-7.523,6.397,-6.225,4.674,-4.611,3.627,-3.643,2.579,-2.622
73948,2026-01-08 17:00:00+00:00,90835.0,0.020640000000000002,0.9917101313263548,0.4836,7.155,-6.859,5.756,-5.602,4.134,-4.07,3.259,-3.216,2.312,-2.303
73972,2026-01-09 17:00:00+00:00,91533.0,0.01968,0.9943799448373148,0.4834,6.497,-6.243,5.283,-5.134,3.87,-3.795,3.002,-3.008,2.16,-2.178
73996,2026-01-10 17:00:00+00:00,90555.0,0.012709999999999999,0.9968170101734296,0.5006,4.334,-4.308,3.571,-3.578,2.644,-2.664,2.013,-2.083,1.456,-1.488
74020,2026-01-11 17:00:00+00:00,90908.0,0.01307,0.9943799448373148,0.4945,5.632,-5.312,4.351,-4.148,3.035,-3.004,2.215,-2.15,1.522,-1.509
74044,2026-01-12 17:00:00+00:00,92051.0,0.022090000000000002,0.9917101313263548,0.5102,8.481,-7.802,6.75,-6.334,4.803,-4.571,3.743,-3.585,2.64,-2.551
74068,2026-01-13 17:00:00+00:00,93360.0,0.02359,0.9917101313263548,0.507,9.106,-8.392,7.254,-6.824,5.144,-4.927,3.993,-3.851,2.795,-2.723
74092,2026-01-14 17:00:00+00:00,97324.0,0.02396,0.9823872209462148,0.5132,8.681,-7.9,6.969,-6.465,5.001,-4.706,3.923,-3.718,2.773,-2.658
74116,2026-01-15 17:00:00+00:00,96701.0,0.02458,0.9980888030057311,0.4841,8.567,-8.036,6.859,-6.554,4.877,-4.727,3.819,-3.719,2.7,-2.656
74140,2026-01-16 17:00:00+00:00,94834.0,0.01794,0.9980888030057311,0.5001,5.927,-5.812,4.796,-4.748,3.469,-3.458,2.728,-2.725,1.928,-1.959
74164,2026-01-17 17:00:00+00:00,95283.0,0.0129,0.9917101313263548,0.5003,4.69,-4.442,3.787,-3.622,2.748,-2.644,2.167,-2.09,1.517,-1.487
74188,2026-01-18 17:00:00+00:00,95136.0,0.01307,0.9824972378540404,0.4948,5.427,-5.115,4.2,-4.005,2.917,-2.888,2.169,-2.1,1.5,-1.473
74212,2026-01-19 17:00:00+00:00,93258.0,0.01874,0.9833976691810521,0.5114,6.278,-6.214,5.148,-5.146,3.787,-3.816,2.896,-2.997,2.103,-2.163
74236,2026-01-20 17:00:00+00:00,90074.0,0.02402,0.9727564011671386,0.5228,8.83,-8.446,6.999,-6.843,4.931,-4.893,3.825,-3.806,2.68,-2.686
74260,2026-01-21 17:00:00+00:00,87536.0,0.03097,0.9734388639844944,0.5425,11.227,-10.547,8.902,-8.59,6.234,-6.136,4.808,-4.754,3.33,-3.325
74284,2026-01-22 17:00:00+00:00,88969.0,0.02421,0.9968170101734296,0.4821,8.302,-7.869,6.701,-6.453,4.824,-4.714,3.774,-3.714,2.668,-2.663
74308,2026-01-23 17:00:00+00:00,90017.0,0.0196,0.9833976691810521,0.479,6.537,-6.335,5.306,-5.202,3.862,-3.826,2.973,-3.011,2.12,-2.171
74332,2026-01-24 17:00:00+00:00,89148.0,0.014419999999999999,0.9943799448373148,0.4989,4.736,-4.66,3.945,-3.9,2.972,-2.957,2.281,-2.282,1.67,-1.682
74356,2026-01-25 17:00:00+00:00,87954.0,0.01818,0.9833976691810521,0.5069,7.364,-6.989,5.789,-5.583,4.015,-3.976,3.065,-3.022,2.111,-2.11
74380,2026-01-26 17:00:00+00:00,87511.0,0.02535,0.9995964501937711,0.5084,8.848,-8.299,7.213,-6.883,5.274,-5.105,4.042,-4.027,2.914,-2.915
74404,2026-01-27 17:00:00+00:00,88524.0,0.01993,1.0072836800889742,0.504,7.451,-6.972,6.016,-5.724,4.374,-4.214,3.447,-3.336,2.43,-2.39
74428,2026-01-28 17:00:00+00:00,89516.0,0.02108,1.0033169057456504,0.4981,7.549,-7.15,6.161,-5.935,4.522,-4.411,3.472,-3.476,2.488,-2.508
74452,2026-01-29 17:00:00+00:00,85138.0,0.02741,1.0217756888950613,0.5266,9.912,-9.47,7.827,-7.669,5.458,-5.438,4.205,-4.2,2.923,-2.945
74476,2026-01-30 17:00:00+00:00,83007.0,0.027000000000000003,1.025997892769527,0.4972,8.705,-8.462,7.063,-6.945,5.164,-5.135,3.914,-4.005,2.869,-2.929
74500,2026-01-31 17:00:00+00:00,80239.0,0.03221,1.0291278519102733,0.5112,11.166,-10.637,8.981,-8.734,6.406,-6.356,5.014,-4.992,3.522,-3.556
74524,2026-02-01 17:00:00+00:00,77426.0,0.04415,1.0331174160169527,0.517,16.118,-14.66,12.784,-12.037,8.949,-8.691,6.924,-6.79,4.811,-4.792
74548,2026-02-02 17:00:00+00:00,78585.0,0.04341999999999999,1.0331174160169527,0.4913,13.985,-12.813,11.55,-10.778,8.673,-8.261,6.679,-6.453,4.945,-4.845
74572,2026-02-03 17:00:00+00:00,76408.0,0.03877,1.035855872315269,0.514,14.237,-12.95,11.551,-10.807,8.372,-8.041,6.369,-6.324,4.563,-4.563
74596,2026-02-04 17:00:00+00:00,73502.0,0.045899999999999996,1.035855872315269,0.5093,16.012,-14.464,13.098,-12.127,9.596,-9.145,7.249,-7.081,5.25,-5.242
74620,2026-02-05 17:00:00+00:00,68156.0,0.056440000000000004,1.0423809913886182,0.5234,20.247,-17.73,16.153,-14.649,11.426,-10.759,8.902,-8.52,6.245,-6.125
74644,2026-02-06 17:00:00+00:00,69919.0,0.05443,1.0423809913886182,0.3725,16.361,-14.831,13.459,-12.443,10.132,-9.557,7.86,-7.537,5.944,-5.793
74668,2026-02-07 17:00:00+00:00,68916.0,0.046950000000000006,1.0423809913886182,0.4896,15.486,-14.234,12.721,-11.937,9.444,-9.08,7.196,-7.036,5.271,-5.23
74692,2026-02-08 17:00:00+00:00,70367.0,0.03766,1.0405190472045596,0.4863,12.846,-11.744,10.597,-9.868,7.891,-7.512,6.026,-5.824,4.405,-4.318
74716,2026-02-09 17:00:00+00:00,70055.0,0.04381,1.037241316056459,0.5064,14.72,-13.404,12.222,-11.34,9.214,-8.749,7.112,-6.862,5.252,-5.15
74740,2026-02-10 17:00:00+00:00,69480.0,0.03898,1.037241316056459,0.506,13.116,-11.94,10.94,-10.122,8.302,-7.842,6.442,-6.176,4.777,-4.653
74764,2026-02-11 17:00:00+00:00,65994.0,0.041710000000000004,1.03116114012648,0.5217,14.513,-13.311,11.915,-11.177,8.797,-8.454,6.701,-6.572,4.886,-4.854
74788,2026-02-12 17:00:00+00:00,65787.0,0.03514,1.0388436681649016,0.4845,11.723,-10.993,9.616,-9.179,7.12,-6.925,5.438,-5.375,3.993,-3.982
74812,2026-02-13 17:00:00+00:00,68916.0,0.02949,1.0339450794646123,0.4351,8.982,-8.496,7.437,-7.115,5.645,-5.466,4.39,-4.298,3.3,-3.266
74836,2026-02-14 17:00:00+00:00,69729.0,0.02308,1.03116114012648,0.4744,7.348,-7.072,6.137,-5.96,4.677,-4.59,3.633,-3.595,2.704,-2.7
74860,2026-02-15 17:00:00+00:00,68988.0,0.028069999999999998,1.03116114012648,0.4944,9.344,-8.893,7.75,-7.475,5.827,-5.705,4.491,-4.44,3.313,-3.308
74884,2026-02-16 17:00:00+00:00,67845.0,0.03136,1.03116114012648,0.4995,9.853,-9.457,8.199,-7.963,6.244,-6.135,4.863,-4.816,3.638,-3.635
74908,2026-02-17 17:00:00+00:00,67482.0,0.0296,1.03116114012648,0.4998,9.804,-9.252,8.185,-7.824,6.224,-6.037,4.844,-4.747,3.605,-3.573
74932,2026-02-18 17:00:00+00:00,67118.0,0.029609999999999997,1.03116114012648,0.4925,9.567,-9.102,7.944,-7.656,6.002,-5.868,4.647,-4.591,3.45,-3.443
74956,2026-02-19 17:00:00+00:00,66276.0,0.02875,1.03205843338898,0.4911,9.551,-9.122,7.77,-7.54,5.68,-5.594,4.326,-4.412,3.153,-3.208
74980,2026-02-20 17:00:00+00:00,67782.0,0.027229999999999997,1.03116114012648,0.4687,8.405,-8.038,6.901,-6.674,5.189,-5.071,4.013,-3.955,3.002,-2.985
75004,2026-02-21 17:00:00+00:00,68310.0,0.01973,1.03205843338898,0.4802,6.206,-6.028,5.184,-5.071,3.955,-3.902,3.079,-3.056,2.297,-2.297
75028,2026-02-22 17:00:00+00:00,67606.0,0.01881,1.0312307699413203,0.4942,6.588,-6.355,5.421,-5.303,4.033,-3.983,3.09,-3.142,2.261,-2.273
75052,2026-02-23 17:00:00+00:00,65346.0,0.02989,1.0339450794646123,0.5239,9.873,-9.478,8.19,-7.957,6.158,-6.066,4.745,-4.715,3.502,-3.51
75076,2026-02-24 17:00:00+00:00,64273.0,0.03426,1.0388436681649016,0.513,11.649,-10.843,9.654,-9.14,7.241,-6.988,5.572,-5.448,4.098,-4.059
75100,2026-02-25 17:00:00+00:00,68308.0,0.03127,1.0434556291258252,0.4667,9.692,-8.935,8.096,-7.548,6.143,-5.822,4.775,-4.583,3.574,-3.474
75124,2026-02-26 17:00:00+00:00,66640.0,0.03267,1.046337051421753,0.4797,10.518,-9.899,8.631,-8.246,6.423,-6.235,4.922,-4.829,3.633,-3.603
75148,2026-02-27 17:00:00+00:00,65474.0,0.02634,1.0434556291258252,0.4778,8.153,-7.823,6.749,-6.539,5.111,-5.001,3.966,-3.91,2.967,-2.951
75172,2026-02-28 17:00:00+00:00,65102.0,0.02928,1.0428348555056868,0.4923,8.932,-8.57,7.475,-7.254,5.727,-5.618,4.479,-4.429,3.364,-3.359
75196,2026-03-01 17:00:00+00:00,66137.0,0.034,1.0468391840128057,0.4706,10.306,-9.553,8.602,-8.075,6.572,-6.257,5.141,-4.949,3.869,-3.775
75220,2026-03-02 17:00:00+00:00,69436.0,0.03759,1.0586942939593094,0.4712,11.653,-10.564,9.693,-8.923,7.392,-6.921,5.773,-5.479,4.347,-4.185
75244,2026-03-03 17:00:00+00:00,68174.0,0.0384,1.0680651188699688,0.4954,12.819,-11.812,10.612,-9.957,7.974,-7.641,6.164,-5.989,4.57,-4.5
75268,2026-03-04 17:00:00+00:00,73362.0,0.03913,1.0662002088978997,0.4774,12.547,-11.284,10.386,-9.49,7.844,-7.32,6.08,-5.766,4.539,-4.374
75292,2026-03-05 17:00:00+00:00,71323.0,0.03273,1.0698266340265952,0.4956,10.481,-9.883,8.643,-8.27,6.506,-6.319,5.033,-4.942,3.749,-3.721
75316,2026-03-06 17:00:00+00:00,68460.0,0.03076,1.0680651188699688,0.5218,9.641,-9.269,7.894,-7.682,5.889,-5.793,4.53,-4.488,3.368,-3.363
75340,2026-03-07 17:00:00+00:00,67800.0,0.02251,1.0680651188699688,0.481,7.087,-6.855,5.88,-5.742,4.439,-4.38,3.429,-3.408,2.544,-2.546
75364,2026-03-08 17:00:00+00:00,66877.0,0.0255,1.055964345892847,0.498,8.581,-8.243,7.086,-6.9,5.274,-5.208,4.043,-4.049,2.968,-2.978
75388,2026-03-09 17:00:00+00:00,68982.0,0.03417,1.0680651188699688,0.4859,10.662,-10.133,8.892,-8.564,6.763,-6.607,5.261,-5.19,3.93,-3.916
75412,2026-03-10 17:00:00+00:00,71285.0,0.032709999999999996,1.0662002088978997,0.491,10.51,-9.734,8.779,-8.242,6.691,-6.389,5.214,-5.039,3.893,-3.81
75436,2026-03-11 17:00:00+00:00,70584.0,0.030440000000000002,1.0662002088978997,0.495,9.96,-9.405,8.303,-7.945,6.289,-6.115,4.876,-4.794,3.617,-3.596
75460,2026-03-12 17:00:00+00:00,70397.0,0.02888,1.0662002088978997,0.4897,9.403,-8.903,7.734,-7.424,5.746,-5.602,4.402,-4.334,3.244,-3.224
75484,2026-03-13 17:00:00+00:00,71914.0,0.02706,1.0613967175204304,0.4853,8.314,-7.775,6.881,-6.501,5.225,-4.996,4.067,-3.929,3.056,-2.985
75508,2026-03-14 17:00:00+00:00,70692.0,0.02046,1.0613967175204304,0.5018,6.42,-6.307,5.326,-5.273,4.024,-4.014,3.111,-3.118,2.311,-2.328
75532,2026-03-15 17:00:00+00:00,71440.0,0.020339999999999997,1.0499926421571402,0.4958,7.176,-6.721,5.89,-5.599,4.379,-4.214,3.366,-3.339,2.464,-2.43
75556,2026-03-16 17:00:00+00:00,73767.0,0.02828,1.0484701143031947,0.4939,8.862,-8.252,7.433,-6.989,5.702,-5.428,4.464,-4.29,3.355,-3.261
75580,2026-03-17 17:00:00+00:00,74175.0,0.02871,1.0484701143031947,0.4972,9.336,-8.772,7.811,-7.424,5.964,-5.752,4.655,-4.533,3.479,-3.424
75604,2026-03-18 17:00:00+00:00,71322.0,0.026779999999999998,1.0484701143031947,0.5106,9.138,-8.82,7.502,-7.35,5.545,-5.514,4.236,-4.328,3.1,-3.155
75628,2026-03-19 17:00:00+00:00,69449.0,0.027290000000000002,1.0557837951166134,0.4916,8.861,-8.49,7.288,-7.078,5.425,-5.342,4.163,-4.142,3.073,-3.081
75652,2026-03-20 17:00:00+00:00,69821.0,0.02421,1.0534298790226289,0.4864,7.461,-7.193,6.151,-5.988,4.636,-4.555,3.592,-3.552,2.685,-2.675
75676,2026-03-21 17:00:00+00:00,70297.0,0.018680000000000002,1.0588622506502126,0.481,5.916,-5.673,4.95,-4.786,3.789,-3.701,2.957,-2.91,2.21,-2.194
75700,2026-03-22 17:00:00+00:00,68812.0,0.02319,1.0499926421571402,0.5104,7.642,-7.526,6.328,-6.303,4.743,-4.773,3.651,-3.704,2.693,-2.741
75724,2026-03-23 17:00:00+00:00,70537.0,0.03345,1.0468798091842182,0.4535,9.483,-8.733,7.966,-7.365,6.086,-5.717,4.791,-4.552,3.549,-3.445
75748,2026-03-24 17:00:00+00:00,69447.0,0.02619,1.0534298790226289,0.4887,8.405,-8.07,7.004,-6.776,5.335,-5.203,4.16,-4.076,3.114,-3.069
75772,2026-03-25 17:00:00+00:00,71321.0,0.02659,1.0468798091842182,0.4697,8.351,-7.876,6.94,-6.604,5.278,-5.062,4.111,-3.968,3.085,-3.0
75796,2026-03-26 17:00:00+00:00,68884.0,0.023620000000000002,1.0468798091842182,0.4821,7.629,-7.412,6.254,-6.132,4.642,-4.589,3.557,-3.563,2.626,-2.622
75820,2026-03-27 17:00:00+00:00,65936.0,0.025390000000000003,1.0453027849502898,0.503,7.595,-7.373,6.231,-6.098,4.69,-4.596,3.638,-3.575,2.737,-2.706
75844,2026-03-28 17:00:00+00:00,66880.0,0.01844,1.0453027849502898,0.477,5.861,-5.704,4.866,-4.775,3.686,-3.648,2.859,-2.846,2.129,-2.133
75868,2026-03-29 17:00:00+00:00,66451.0,0.01854,1.0441895647420134,0.487,6.165,-5.967,5.088,-4.973,3.802,-3.749,2.93,-2.949,2.163,-2.159
75892,2026-03-30 17:00:00+00:00,67297.0,0.02622,1.0441895647420134,0.4858,8.16,-7.761,6.861,-6.584,5.284,-5.128,4.146,-4.056,3.119,-3.081
75916,2026-03-31 17:00:00+00:00,67601.0,0.02799,1.0415561721070907,0.4874,8.913,-8.423,7.446,-7.116,5.691,-5.509,4.447,-4.343,3.332,-3.285
75940,2026-04-01 17:00:00+00:00,68797.0,0.02559,1.0404307903077656,0.4817,8.125,-7.707,6.788,-6.504,5.184,-5.027,4.043,-3.956,3.025,-2.989
75964,2026-04-02 17:00:00+00:00,67081.0,0.02519,1.0363394764387055,0.4923,8.07,-7.822,6.633,-6.501,4.937,-4.894,3.788,-3.786,2.799,-2.813
75988,2026-04-03 17:00:00+00:00,67008.0,0.018879999999999997,1.03205843338898,0.4838,5.952,-5.792,4.923,-4.827,3.714,-3.667,2.875,-2.854,2.142,-2.138
76012,2026-04-04 17:00:00+00:00,67350.0,0.01376,1.0295730379534263,0.4877,4.815,-4.593,3.946,-3.807,2.922,-2.838,2.253,-2.245,1.63,-1.619
76036,2026-04-05 17:00:00+00:00,67190.0,0.01589,1.026283824642334,0.4914,5.091,-4.852,4.236,-4.06,3.209,-3.098,2.486,-2.414,1.847,-1.808
76060,2026-04-06 17:00:00+00:00,69798.0,0.02204,1.026283824642334,0.4994,7.169,-6.71,5.995,-5.653,4.581,-4.364,3.579,-3.433,2.678,-2.593
76084,2026-04-07 17:00:00+00:00,68222.0,0.02067,1.0199928765247597,0.5024,6.86,-6.655,5.721,-5.6,4.334,-4.281,3.37,-3.347,2.507,-2.508
76108,2026-04-08 17:00:00+00:00,71604.0,0.02691,1.026283824642334,0.49,8.614,-8.048,7.14,-6.738,5.403,-5.161,4.191,-4.041,3.129,-3.047
76132,2026-04-09 17:00:00+00:00,72091.0,0.0227,1.026283824642334,0.4746,7.295,-6.901,6.017,-5.747,4.508,-4.352,3.473,-3.38,2.574,-2.529
76156,2026-04-10 17:00:00+00:00,72987.0,0.021259999999999998,1.0277846845936238,0.4833,6.505,-6.208,5.38,-5.174,4.073,-3.947,3.164,-3.088,2.373,-2.336
76180,2026-04-11 17:00:00+00:00,73072.0,0.01643,1.0271016756472746,0.5019,5.619,-5.375,4.626,-4.472,3.445,-3.356,2.644,-2.648,1.943,-1.917
76204,2026-04-12 17:00:00+00:00,70957.0,0.02182,1.0295730379534263,0.5242,7.297,-7.137,6.025,-5.955,4.5,-4.49,3.458,-3.499,2.547,-2.569
76228,2026-04-13 17:00:00+00:00,72250.0,0.02383,1.0271016756472746,0.5005,7.996,-7.575,6.646,-6.368,5.0,-4.854,3.86,-3.779,2.849,-2.814
76252,2026-04-14 17:00:00+00:00,74706.0,0.02724,1.0271016756472746,0.502,9.796,-9.011,7.961,-7.471,5.825,-5.565,4.509,-4.41,3.227,-3.205
76276,2026-04-15 17:00:00+00:00,73945.0,0.02587,1.0295730379534263,0.5039,9.064,-8.628,7.376,-7.157,5.374,-5.302,4.136,-4.179,2.961,-3.014
76300,2026-04-16 17:00:00+00:00,74201.0,0.02443,1.0295730379534263,0.5025,7.852,-7.622,6.457,-6.332,4.792,-4.756,3.66,-3.658,2.69,-2.71
76324,2026-04-17 17:00:00+00:00,77907.0,0.02376,1.0306367064661606,0.5017,7.651,-7.118,6.244,-5.87,4.625,-4.401,3.542,-3.447,2.618,-2.546
76348,2026-04-18 17:00:00+00:00,75969.0,0.02019,1.0306367064661606,0.5269,6.613,-6.489,5.396,-5.347,3.959,-3.959,3.021,-3.11,2.204,-2.252
76372,2026-04-19 17:00:00+00:00,75409.0,0.01923,1.0271016756472746,0.5051,6.607,-6.341,5.399,-5.259,3.989,-3.923,3.08,-3.104,2.237,-2.25
76396,2026-04-20 17:00:00+00:00,75367.0,0.02456,1.0277846845936238,0.5072,8.053,-7.683,6.699,-6.462,5.068,-4.948,3.932,-3.867,2.922,-2.897
76420,2026-04-21 17:00:00+00:00,75801.0,0.02342,1.0344699028580908,0.5019,7.962,-7.602,6.59,-6.379,4.933,-4.839,3.803,-3.779,2.805,-2.797
76444,2026-04-22 17:00:00+00:00,78772.0,0.024089999999999997,1.0344699028580908,0.4975,8.11,-7.681,6.727,-6.453,5.052,-4.915,3.899,-3.833,2.88,-2.857
76468,2026-04-23 17:00:00+00:00,78136.0,0.02109,1.0344699028580908,0.506,7.022,-6.781,5.767,-5.63,4.27,-4.215,3.27,-3.323,2.405,-2.421
76492,2026-04-24 17:00:00+00:00,77806.0,0.01942,1.0344699028580908,0.5237,6.134,-5.975,5.044,-4.952,3.781,-3.736,2.919,-2.899,2.172,-2.169
76516,2026-04-25 17:00:00+00:00,77431.0,0.014530000000000001,1.026283824642334,0.5144,5.146,-5.012,4.146,-4.086,3.003,-2.98,2.375,-2.357,1.663,-1.683
76540,2026-04-26 17:00:00+00:00,77957.0,0.014079999999999999,1.0121834761327873,0.5087,5.042,-4.702,4.12,-3.885,3.053,-2.899,2.382,-2.306,1.709,-1.662
76564,2026-04-27 17:00:00+00:00,76609.0,0.021640000000000003,1.0115322312453634,0.5148,7.049,-6.906,5.847,-5.783,4.4,-4.391,3.403,-3.412,2.523,-2.544
76588,2026-04-28 17:00:00+00:00,76108.0,0.01805,1.0160548548162138,0.5026,6.407,-6.166,5.246,-5.119,3.888,-3.833,3.001,-3.038,2.181,-2.208
76612,2026-04-29 17:00:00+00:00,75760.0,0.01761,1.00267992519443,0.4977,5.987,-5.841,4.925,-4.86,3.652,-3.638,2.792,-2.864,2.043,-2.078
76636,2026-04-30 17:00:00+00:00,76230.0,0.018520000000000002,1.00267992519443,0.5133,5.851,-5.846,4.798,-4.829,3.569,-3.611,2.738,-2.803,2.023,-2.059
76660,2026-05-01 17:00:00+00:00,78208.0,0.015609999999999999,0.9958035699777271,0.5032,4.811,-4.603,3.973,-3.817,3.001,-2.903,2.329,-2.27,1.743,-1.713
76684,2026-05-02 17:00:00+00:00,78452.0,0.011739999999999999,0.9958035699777271,0.5164,3.854,-3.731,3.177,-3.087,2.38,-2.321,1.834,-1.833,1.356,-1.337
76708,2026-05-03 17:00:00+00:00,78655.0,0.01287,0.9829080407913836,0.514,4.405,-4.189,3.627,-3.479,2.714,-2.616,2.093,-2.076,1.543,-1.502
76732,2026-05-04 17:00:00+00:00,80018.0,0.02368,0.9861566796656277,0.5241,7.698,-7.236,6.379,-6.043,4.807,-4.603,3.723,-3.589,2.772,-2.692
76756,2026-05-05 17:00:00+00:00,81299.0,0.01939,0.9937721954521612,0.5088,6.951,-6.501,5.66,-5.37,4.166,-3.989,3.247,-3.164,2.32,-2.291
76780,2026-05-06 17:00:00+00:00,81613.0,0.01974,0.9829080407913836,0.5035,6.991,-6.678,5.688,-5.514,4.164,-4.081,3.231,-3.221,2.31,-2.33
76804,2026-05-07 17:00:00+00:00,79792.0,0.018799999999999997,0.9861566796656277,0.5106,6.721,-6.544,5.347,-5.287,3.789,-3.785,2.963,-2.962,2.102,-2.114
76828,2026-05-08 17:00:00+00:00,79783.0,0.01645,0.9813800418098615,0.5207,5.347,-5.223,4.364,-4.293,3.221,-3.187,2.489,-2.524,1.821,-1.828
76852,2026-05-09 17:00:00+00:00,80621.0,0.012470000000000002,0.9813800418098615,0.5159,4.478,-4.301,3.591,-3.484,2.612,-2.545,2.073,-2.023,1.454,-1.456
76876,2026-05-10 17:00:00+00:00,81359.0,0.012490000000000001,0.9698164525309335,0.5106,4.585,-4.33,3.666,-3.498,2.647,-2.537,2.092,-2.012,1.477,-1.448
76900,2026-05-11 17:00:00+00:00,81562.0,0.021400000000000002,0.9734921007628876,0.5213,7.734,-7.36,6.212,-6.014,4.504,-4.41,3.572,-3.507,2.521,-2.52
76924,2026-05-12 17:00:00+00:00,79976.0,0.01891,0.9734921007628876,0.5116,7.1,-6.846,5.645,-5.536,4.024,-3.994,3.153,-3.138,2.243,-2.249
76948,2026-05-13 17:00:00+00:00,79065.0,0.01761,0.9648904662788739,0.5093,6.743,-6.559,5.321,-5.258,3.744,-3.761,2.905,-2.916,2.045,-2.067
76972,2026-05-14 17:00:00+00:00,81879.0,0.0195,0.9664928236039072,0.4968,6.839,-6.432,5.447,-5.201,3.864,-3.731,3.025,-2.937,2.148,-2.105
76996,2026-05-15 17:00:00+00:00,79261.0,0.01884,0.9693061805662364,0.5442,6.372,-6.319,5.076,-5.112,3.606,-3.652,2.832,-2.861,2.023,-2.053
77020,2026-05-16 17:00:00+00:00,78164.0,0.01584,0.9649498307652222,0.5226,5.784,-5.741,4.519,-4.549,3.12,-3.261,2.397,-2.433,1.684,-1.715
77044,2026-05-17 17:00:00+00:00,78005.0,0.014119999999999999,0.9634319454592266,0.5068,5.772,-5.576,4.41,-4.309,3.13,-3.176,2.245,-2.231,1.563,-1.576
77068,2026-05-18 17:00:00+00:00,76361.0,0.022330000000000003,0.9634319454592266,0.5167,8.49,-8.187,6.643,-6.531,4.598,-4.679,3.544,-3.556,2.488,-2.513
77092,2026-05-19 17:00:00+00:00,76832.0,0.019370000000000002,0.9634319454592266,0.5058,7.163,-6.901,5.743,-5.623,4.133,-4.099,3.251,-3.238,2.309,-2.32
77116,2026-05-20 17:00:00+00:00,77256.0,0.0168,0.9569139159570592,0.5002,6.11,-5.928,4.921,-4.837,3.577,-3.551,2.833,-2.821,1.987,-2.022
77140,2026-05-21 17:00:00+00:00,77111.01,0.016390000000000002,0.9525810099059706,0.5069,5.757,-5.666,4.589,-4.582,3.262,-3.284,2.557,-2.573,1.817,-1.838
77164,2026-05-22 17:00:00+00:00,76863.99,0.01414,0.9525810099059706,0.5148,4.781,-4.726,3.84,-3.843,2.784,-2.794,2.21,-2.216,1.553,-1.593
77188,2026-05-23 17:00:00+00:00,75350.0,0.01486,0.9525810099059706,0.5297,4.679,-4.751,3.818,-3.904,2.832,-2.898,2.175,-2.283,1.609,-1.65
77212,2026-05-24 17:00:00+00:00,76577.0,0.01636,0.9628198158424619,0.5114,5.532,-5.292,4.525,-4.374,3.363,-3.276,2.621,-2.61,1.908,-1.884
77236,2026-05-25 17:00:00+00:00,77669.5,0.01569,0.9649498307652222,0.5103,5.57,-5.302,4.543,-4.373,3.372,-3.27,2.645,-2.605,1.903,-1.884
77260,2026-05-26 17:00:00+00:00,76452.0,0.01935,0.9634319454592266,0.5158,6.915,-6.774,5.575,-5.543,4.048,-4.067,3.209,-3.227,2.248,-2.311
77284,2026-05-27 17:00:00+00:00,75169.34,0.01865,0.9634319454592266,0.5094,6.736,-6.61,5.394,-5.377,3.862,-3.893,3.032,-3.059,2.15,-2.184
77308,2026-05-28 17:00:00+00:00,73318.34,0.01983,0.9693061805662364,0.5096,6.745,-6.653,5.419,-5.428,3.891,-3.932,3.072,-3.101,2.173,-2.219
77332,2026-05-29 17:00:00+00:00,73944.42,0.01726,0.9693061805662364,0.4841,5.625,-5.467,4.546,-4.464,3.314,-3.278,2.607,-2.608,1.849,-1.889
77356,2026-05-30 17:00:00+00:00,73826.15,0.01333,0.9734921007628876,0.5022,4.527,-4.499,3.672,-3.688,2.69,-2.715,2.132,-2.154,1.488,-1.541
77380,2026-05-31 17:00:00+00:00,73429.48,0.01547,0.9634319454592266,0.5044,6.03,-5.899,4.653,-4.615,3.267,-3.363,2.436,-2.448,1.713,-1.73
77404,2026-06-01 17:00:00+00:00,71461.09,0.020870000000000003,0.9649498307652222,0.5108,7.61,-7.421,6.022,-5.98,4.253,-4.279,3.327,-3.351,2.367,-2.398
77428,2026-06-02 17:00:00+00:00,67303.32,0.03017,0.9734921007628876,0.5238,11.97,-11.267,9.186,-8.89,6.306,-6.422,4.627,-4.638,3.185,-3.273
77452,2026-06-03 17:00:00+00:00,65972.66,0.0332,0.9829080407913836,0.498,11.961,-11.221,9.542,-9.176,6.743,-6.647,5.244,-5.208,3.664,-3.686
77476,2026-06-04 17:00:00+00:00,63485.99,0.040999999999999995,0.9961761435357177,0.4757,14.082,-13.046,11.237,-10.696,7.969,-7.791,6.247,-6.149,4.402,-4.4
77500,2026-06-05 17:00:00+00:00,61346.44,0.041580000000000006,0.9961761435357177,0.4419,14.101,-13.033,11.204,-10.639,7.924,-7.72,6.225,-6.104,4.4,-4.385
77524,2026-06-06 17:00:00+00:00,60744.95,0.034159999999999996,1.0025116720316207,0.4421,10.459,-9.986,8.645,-8.378,6.52,-6.405,5.046,-5.009,3.77,-3.776
77548,2026-06-07 17:00:00+00:00,62051.1,0.0302,0.9961761435357177,0.4789,10.274,-9.678,8.411,-8.058,6.187,-6.034,4.714,-4.756,3.45,-3.47
77572,2026-06-08 17:00:00+00:00,63506.41,0.03547,1.0025116720316207,0.4661,10.688,-9.882,8.94,-8.353,6.806,-6.455,5.312,-5.099,3.978,-3.88
77596,2026-06-09 17:00:00+00:00,61332.98,0.03167,0.9950232607907588,0.4987,10.919,-10.26,8.985,-8.591,6.677,-6.496,5.123,-5.091,3.764,-3.754
77620,2026-06-10 17:00:00+00:00,62167.99,0.028759999999999997,0.9887000481365342,0.4787,9.041,-8.577,7.53,-7.211,5.75,-5.568,4.489,-4.387,3.371,-3.327
77644,2026-06-11 17:00:00+00:00,62508.02,0.02376,0.9950232607907588,0.4673,7.519,-7.232,6.219,-6.036,4.697,-4.598,3.642,-3.591,2.718,-2.701
77668,2026-06-12 17:00:00+00:00,63950.87,0.021560000000000003,0.9885924171558598,0.458,6.48,-6.18,5.386,-5.17,4.119,-3.978,3.223,-3.135,2.438,-2.39
77692,2026-06-13 17:00:00+00:00,63988.34,0.0155,0.9763868795783139,0.4867,5.179,-5.086,4.269,-4.224,3.174,-3.16,2.429,-2.47,1.781,-1.798
77716,2026-06-14 17:00:00+00:00,63908.02,0.01601,0.9634319454592266,0.4967,5.478,-5.229,4.527,-4.358,3.392,-3.287,2.616,-2.585,1.931,-1.892
77740,2026-06-15 17:00:00+00:00,67124.81,0.021099999999999997,0.9677631877275514,0.5125,6.62,-6.161,5.512,-5.152,4.198,-3.957,3.272,-3.108,2.457,-2.357
77764,2026-06-16 17:00:00+00:00,65700.19,0.02048,0.9634319454592266,0.4955,6.641,-6.519,5.527,-5.463,4.189,-4.168,3.256,-3.254,2.427,-2.44
77788,2026-06-17 17:00:00+00:00,65807.64,0.02,0.9622247329848574,0.4917,6.606,-6.413,5.466,-5.354,4.11,-4.058,3.18,-3.171,2.36,-2.36
77812,2026-06-18 17:00:00+00:00,62605.82,0.026019999999999998,0.9763868795783139,0.5323,8.245,-8.105,6.719,-6.671,4.981,-4.979,3.82,-3.88,2.83,-2.858
77836,2026-06-19 17:00:00+00:00,62906.01,0.01962,0.9763868795783139,0.4798,6.138,-5.952,5.067,-4.946,3.829,-3.763,2.972,-2.941,2.224,-2.218
77860,2026-06-20 17:00:00+00:00,63955.94,0.016399999999999998,0.9677280157813317,0.4761,5.074,-4.94,4.243,-4.151,3.249,-3.202,2.539,-2.519,1.906,-1.905
77884,2026-06-21 17:00:00+00:00,64063.99,0.016579999999999998,0.9622247329848574,0.4926,5.774,-5.619,4.722,-4.655,3.502,-3.481,2.733,-2.766,1.976,-1.997
77908,2026-06-22 17:00:00+00:00,64652.9,0.02214,0.9634319454592266,0.4956,7.226,-6.915,6.035,-5.832,4.601,-4.492,3.589,-3.531,2.681,-2.66
77932,2026-06-23 17:00:00+00:00,62471.77,0.021269999999999997,0.9599377269536413,0.5032,7.129,-6.938,5.913,-5.827,4.466,-4.443,3.468,-3.483,2.578,-2.6
77956,2026-06-24 17:00:00+00:00,59764.17,0.02357,0.9631095491047257,0.509,8.158,-7.913,6.656,-6.576,4.905,-4.907,3.79,-3.882,2.742,-2.817
77980,2026-06-25 17:00:00+00:00,59222.98,0.03039,0.9763868795783139,0.475,9.699,-9.325,7.969,-7.777,5.954,-5.896,4.579,-4.581,3.393,-3.428
78004,2026-06-26 17:00:00+00:00,59942.26,0.0279,0.9827327109396629,0.4498,8.418,-8.107,6.951,-6.773,5.253,-5.169,4.079,-4.047,3.063,-3.066
78028,2026-06-27 17:00:00+00:00,60715.71,0.018779999999999998,0.989555576366618,0.474,6.007,-5.781,5.004,-4.86,3.788,-3.719,2.931,-2.902,2.173,-2.17
78052,2026-06-28 17:00:00+00:00,59601.93,0.023,0.989555576366618,0.497,7.768,-7.552,6.357,-6.267,4.661,-4.658,3.558,-3.658,2.581,-2.659
78076,2026-06-29 17:00:00+00:00,59792.27,0.030139999999999997,0.9827327109396629,0.5034,9.967,-9.389,8.273,-7.91,6.237,-6.064,4.828,-4.742,3.58,-3.554
78100,2026-06-30 17:00:00+00:00,58392.56,0.02644,0.9956921494608237,0.5028,9.15,-8.713,7.526,-7.296,5.591,-5.503,4.288,-4.336,3.148,-3.173
78124,2026-07-01 17:00:00+00:00,59853.79,0.02423,0.9827327109396629,0.4773,7.851,-7.454,6.51,-6.249,4.914,-4.78,3.807,-3.74,2.83,-2.807
78148,2026-07-02 17:00:00+00:00,61629.46,0.02492,0.9956921494608237,0.4736,8.12,-7.724,6.641,-6.4,4.918,-4.803,3.77,-3.78,2.785,-2.777
78172,2026-07-03 17:00:00+00:00,62054.42,0.01884,0.989555576366618,0.4858,6.088,-5.851,4.986,-4.837,3.709,-3.627,2.851,-2.86,2.112,-2.095
78196,2026-07-04 17:00:00+00:00,62872.77,0.01496,0.9763517076320942,0.4933,4.815,-4.579,3.984,-3.81,3.002,-2.891,2.321,-2.25,1.724,-1.686
78220,2026-07-05 17:00:00+00:00,62583.44,0.01696,0.9763517076320942,0.5056,5.879,-5.634,4.772,-4.63,3.526,-3.442,2.792,-2.744,1.991,-1.981
78244,2026-07-06 17:00:00+00:00,63689.23,0.024540000000000003,0.9822573838460952,0.4955,7.912,-7.462,6.548,-6.235,4.936,-4.752,3.826,-3.713,2.852,-2.791
78268,2026-07-07 17:00:00+00:00,63930.18,0.02196,0.984251401138658,0.491,7.126,-6.795,5.915,-5.686,4.469,-4.338,3.47,-3.392,2.588,-2.549
78292,2026-07-08 17:00:00+00:00,62049.51,0.02357,0.9822573838460952,0.5017,7.938,-7.698,6.501,-6.403,4.823,-4.806,3.705,-3.81,2.731,-2.772
78316,2026-07-09 17:00:00+00:00,62642.11,0.02093,0.9897104185814725,0.4769,6.764,-6.533,5.557,-5.419,4.144,-4.08,3.191,-3.208,2.366,-2.363
78340,2026-07-10 17:00:00+00:00,64099.25,0.01773,0.9832705589939632,0.4802,5.593,-5.318,4.589,-4.391,3.443,-3.318,2.664,-2.611,1.988,-1.948
78364,2026-07-11 17:00:00+00:00,64133.16,0.01352,0.9763517076320942,0.4975,4.488,-4.415,3.694,-3.662,2.753,-2.742,2.118,-2.166,1.561,-1.566
78388,2026-07-12 17:00:00+00:00,64130.64,0.015029999999999998,0.9763517076320942,0.4987,5.335,-5.181,4.328,-4.25,3.191,-3.155,2.544,-2.518,1.798,-1.816
78412,2026-07-13 17:00:00+00:00,62203.9,0.02013,0.981751868794968,0.5073,6.817,-6.658,5.575,-5.528,4.145,-4.145,3.216,-3.291,2.362,-2.391
78436,2026-07-14 17:00:00+00:00,64689.69,0.01996,0.9632662496663691,0.4956,6.647,-6.258,5.489,-5.208,4.115,-3.943,3.178,-3.105,2.357,-2.294
78460,2026-07-15 17:00:00+00:00,65055.42,0.02025,0.9678253518566267,0.4948,7.286,-6.994,5.887,-5.738,4.301,-4.242,3.419,-3.384,2.405,-2.444
78484,2026-07-16 17:00:00+00:00,64434.53,0.018520000000000002,0.9763517076320942,0.4924,6.427,-6.243,5.176,-5.098,3.751,-3.731,2.979,-2.966,2.095,-2.132
78508,2026-07-17 17:00:00+00:00,63547.98,0.01744,0.9753829526672508,0.4925,5.752,-5.59,4.667,-4.587,3.429,-3.393,2.695,-2.7,1.932,-1.959
78532,2026-07-18 17:00:00+00:00,64243.75,0.01287,0.9753829526672508,0.5017,4.345,-4.099,3.573,-3.39,2.656,-2.538,2.036,-2.007,1.492,-1.451
78556,2026-07-19 17:00:00+00:00,64500.0,0.01385,0.9753829526672508,0.4987,5.402,-5.111,4.265,-4.082,3.023,-2.948,2.363,-2.289,1.685,-1.643
78580,2026-07-20 17:00:00+00:00,65442.0,0.02152,0.981751868794968,0.4988,7.246,-6.799,5.962,-5.65,4.429,-4.244,3.398,-3.335,2.504,-2.435
78604,2026-07-21 17:00:00+00:00,66513.45,0.01976,0.981751868794968,0.4988,7.541,-7.04,6.004,-5.705,4.288,-4.124,3.361,-3.246,2.39,-2.326
78628,2026-07-22 17:00:00+00:00,66206.78,0.01839,0.9722840362317487,0.4908,7.14,-6.794,5.636,-5.448,3.959,-3.895,3.069,-3.022,2.16,-2.143
78652,2026-07-23 17:00:00+00:00,64693.53,0.01775,0.961230112929184,0.4972,6.678,-6.509,5.191,-5.144,3.572,-3.684,2.725,-2.738,1.907,-1.931
78676,2026-07-24 17:00:00+00:00,63914.4,0.01667,0.961230112929184,0.506,5.72,-5.611,4.556,-4.533,3.261,-3.263,2.577,-2.575,1.834,-1.852
78700,2026-07-25 17:00:00+00:00,64144.52,0.0111,0.9632662496663691,0.4982,4.525,-4.382,3.479,-3.397,2.481,-2.508,1.814,-1.793,1.272,-1.267
78724,2026-07-26 17:00:00+00:00,64680.5,0.01163,0.9592361234249458,0.4962,4.736,-4.482,3.667,-3.501,2.589,-2.563,1.939,-1.875,1.37,-1.333
78748,2026-07-27 17:00:00+00:00,64828.97,0.01836,0.9592361234249458,0.5046,6.925,-6.553,5.507,-5.3,3.939,-3.834,3.095,-3.024,2.209,-2.176
78772,2026-07-28 17:00:00+00:00,63968.3,0.01917,0.9592361234249458,0.5041,6.979,-6.659,5.634,-5.462,4.095,-4.017,3.239,-3.188,2.278,-2.281
78796,2026-07-29 17:00:00+00:00,63722.34,0.01949,0.9592361234249458,0.4955,7.412,-7.077,5.86,-5.694,4.129,-4.071,3.205,-3.172,2.255,-2.249
78820,2026-07-30 17:00:00+00:00,64752.26,0.01907,0.9653851522432937,0.4793,6.802,-6.482,5.409,-5.238,3.837,-3.759,3.004,-2.952,2.133,-2.114
78844,2026-07-31 17:00:00+00:00,62808.54,0.01659,0.9632662496663691,0.5031,5.576,-5.515,4.481,-4.492,3.234,-3.255,2.561,-2.572,1.8,-1.843
78868,2026-08-01 17:00:00+00:00,62857.18,0.01026,0.961230112929184,0.4913,3.824,-3.701,3.061,-2.992,2.197,-2.159,1.72,-1.693,1.215,-1.205
78892,2026-08-02 17:00:00+00:00,63121.3,0.013460000000000001,0.9576575805788168,0.4975,4.577,-4.352,3.761,-3.606,2.792,-2.695,2.145,-2.131,1.566,-1.535
78916,2026-08-03 17:00:00+00:00,63709.27,0.01765,0.9471220339600321,0.5023,6.413,-6.009,5.141,-4.888,3.712,-3.558,2.934,-2.821,2.085,-2.03
78940,2026-08-04 17:00:00+00:00,63899.25,0.01711,0.9460035429654077,0.4947,6.494,-6.181,5.139,-4.968,3.652,-3.571,2.863,-2.805,2.043,-2.014
78964,2026-08-05 17:00:00+00:00,64609.69,0.01733,0.9447685047259582,0.4886,6.374,-6.111,5.058,-4.921,3.592,-3.527,2.81,-2.765,1.999,-1.98
78988,2026-08-06 17:00:00+00:00,64692.27,0.014870000000000001,0.9460035429654077,0.4833,5.569,-5.353,4.338,-4.228,3.018,-3.043,2.31,-2.275,1.633,-1.617
79012,2026-08-07 17:00:00+00:00,64770.13,0.01432,0.9433507062886801,0.4865,5.298,-5.07,4.098,-3.976,2.891,-2.899,2.154,-2.109,1.527,-1.503
79036,2026-08-08 17:00:00+00:00,65045.93,0.00907,0.9451262287059781,0.4951,3.563,-3.396,2.787,-2.677,1.942,-1.926,1.481,-1.432,1.034,-1.005
79060,2026-08-09 17:00:00+00:00,65187.08,0.009899999999999999,0.9447685047259582,0.4964,4.389,-4.123,3.296,-3.109,2.38,-2.27,1.57,-1.503,1.088,-1.052
79084,2026-08-10 17:00:00+00:00,63833.97,0.01672,0.9433507062886801,0.5065,6.648,-6.328,5.135,-4.966,3.555,-3.575,2.638,-2.591,1.825,-1.819
79108,2026-08-11 17:00:00+00:00,63440.58,0.015629999999999998,0.9460035429654077,0.5043,6.762,-6.422,5.132,-4.934,3.607,-3.618,2.497,-2.456,1.722,-1.727
79132,2026-08-12 17:00:00+00:00,63423.22,0.0166,0.9460035429654077,0.5061,7.267,-6.914,5.455,-5.258,3.888,-3.839,2.568,-2.54,1.784,-1.773
79156,2026-08-13 17:00:00+00:00,63085.44,0.01843,0.9506257103068931,0.4991,7.459,-7.196,5.578,-5.469,4.001,-3.998,2.572,-2.598,1.789,-1.795
79180,2026-08-14 17:00:00+00:00,63071.86,0.01265,0.955019053738242,0.4906,4.725,-4.622,3.648,-3.614,2.576,-2.63,1.894,-1.889,1.326,-1.332
79204,2026-08-15 17:00:00+00:00,63029.67,0.00935,0.9471220339600321,0.4975,3.918,-3.837,2.945,-2.891,2.146,-2.129,1.46,-1.451,1.009,-1.019
79228,2026-08-16 17:00:00+00:00,63188.74,0.00902,0.9448078255567214,0.5001,4.004,-3.777,2.997,-2.836,2.169,-2.065,1.417,-1.359,0.985,-0.952
79252,2026-08-17 17:00:00+00:00,64061.82,0.01447,0.9377508873018299,0.5109,5.763,-5.365,4.456,-4.208,3.132,-3.065,2.325,-2.221,1.631,-1.566
79276,2026-08-18 17:00:00+00:00,64799.83,0.01611,0.9377508873018299,0.5135,6.691,-6.244,5.108,-4.829,3.613,-3.565,2.565,-2.47,1.777,-1.744
79300,2026-08-19 17:00:00+00:00,68463.41,0.02341,0.9448078255567214,0.5751,8.504,-7.667,6.675,-6.136,4.638,-4.338,3.579,-3.35,2.513,-2.378
79324,2026-08-20 17:00:00+00:00,72820.45,0.03125,0.955019053738242,0.5116,11.556,-10.108,8.991,-8.074,6.141,-5.707,4.689,-4.341,3.249,-3.082
79348,2026-08-21 17:00:00+00:00,77438.7,0.03253,0.9592787342790974,0.5078,10.754,-9.7,8.534,-7.819,6.107,-5.677,4.84,-4.544,3.417,-3.31
79372,2026-08-22 17:00:00+00:00,77290.0,0.025009999999999998,0.9653851522432937,0.5603,8.36,-7.769,6.828,-6.398,5.05,-4.781,3.854,-3.729,2.835,-2.738
79396,2026-08-23 17:00:00+00:00,77404.59,0.02471,0.961437197450157,0.5355,9.26,-8.377,7.428,-6.856,5.341,-4.997,4.189,-3.945,2.959,-2.819
79420,2026-08-24 17:00:00+00:00,79038.79,0.0326,0.9576575805788168,0.5279,12.894,-11.321,10.128,-9.143,7.057,-6.535,5.454,-5.098,3.839,-3.632
79444,2026-08-25 17:00:00+00:00,79154.11,0.0276,0.9576575805788168,0.5166,9.297,-8.634,7.699,-7.229,5.764,-5.49,4.437,-4.267,3.274,-3.181
79468,2026-08-26 17:00:00+00:00,77985.52,0.02308,0.9496323370729463,0.505,8.047,-7.647,6.621,-6.39,4.925,-4.81,3.782,-3.793,2.777,-2.766
79492,2026-08-27 17:00:00+00:00,80390.86,0.022010000000000002,0.9496323370729463,0.505,7.686,-7.172,6.198,-5.877,4.506,-4.313,3.581,-3.442,2.521,-2.488
79516,2026-08-28 17:00:00+00:00,77782.03,0.02215,0.9496323370729463,0.5267,7.386,-7.204,5.967,-5.879,4.332,-4.293,3.423,-3.404,2.417,-2.46
79540,2026-08-29 17:00:00+00:00,78017.21,0.01427,0.9496323370729463,0.5082,4.834,-4.668,3.994,-3.883,2.989,-2.92,2.301,-2.292,1.694,-1.672
79564,2026-08-30 17:00:00+00:00,79312.34,0.01634,0.9460035429654077,0.5148,6.244,-5.77,4.951,-4.644,3.537,-3.353,2.781,-2.64,1.992,-1.906
79588,2026-08-31 17:00:00+00:00,78607.77,0.022930000000000002,0.9460035429654077,0.52,8.54,-8.008,6.845,-6.55,4.954,-4.8,3.92,-3.814,2.777,-2.748
79612,2026-09-01 17:00:00+00:00,77577.5,0.02162,0.9460035429654077,0.5112,8.401,-7.918,6.641,-6.379,4.702,-4.591,3.678,-3.607,2.617,-2.588
79636,2026-09-02 17:00:00+00:00,77134.79,0.02207,0.955019053738242,0.5049,8.003,-7.561,6.449,-6.199,4.698,-4.573,3.734,-3.649,2.627,-2.634
79660,2026-09-03 17:00:00+00:00,80961.31,0.02395,0.961437197450157,0.5011,8.421,-7.736,6.677,-6.248,4.725,-4.478,3.71,-3.54,2.653,-2.561
79684,2026-09-04 17:00:00+00:00,79745.0,0.02117,0.967099638718848,0.5558,6.306,-6.367,5.165,-5.246,3.875,-3.922,2.998,-3.03,2.249,-2.28
79708,2026-09-05 17:00:00+00:00,80029.63,0.01192,0.967099638718848,0.509,4.324,-4.106,3.5,-3.356,2.562,-2.465,2.035,-1.961,1.419,-1.403
79732,2026-09-06 17:00:00+00:00,79674.23,0.01361,0.961437197450157,0.5087,5.099,-4.834,4.093,-3.932,2.982,-2.876,2.366,-2.285,1.671,-1.643
79756,2026-09-07 17:00:00+00:00,79008.03,0.01607,0.961437197450157,0.514,5.496,-5.292,4.535,-4.417,3.402,-3.334,2.63,-2.627,1.945,-1.922
79780,2026-09-08 17:00:00+00:00,78721.78,0.016319999999999998,0.9592787342790974,0.5102,5.743,-5.574,4.682,-4.607,3.473,-3.44,2.728,-2.736,1.961,-1.979
79804,2026-09-09 17:00:00+00:00,78782.2,0.02028,0.967099638718848,0.5083,7.417,-7.116,5.895,-5.756,4.223,-4.172,3.34,-3.306,2.375,-2.388
79828,2026-09-10 17:00:00+00:00,77166.01,0.01844,0.9715727569775929,0.5138,6.455,-6.326,5.145,-5.127,3.676,-3.693,2.9,-2.911,2.059,-2.091
79852,2026-09-11 17:00:00+00:00,77906.5,0.01917,0.9715727569775929,0.5063,5.773,-5.668,4.736,-4.674,3.559,-3.526,2.756,-2.739,2.066,-2.065
79876,2026-09-12 17:00:00+00:00,77342.95,0.01184,0.9732446510742228,0.5146,3.797,-3.828,3.128,-3.165,2.335,-2.367,1.789,-1.832,1.317,-1.34
79900,2026-09-13 17:00:00+00:00,77258.65,0.01269,0.969699360062335,0.5061,4.797,-4.634,3.838,-3.752,2.775,-2.727,2.189,-2.153,1.543,-1.541
79924,2026-09-14 17:00:00+00:00,78762.61,0.020499999999999997,0.9721928355298486,0.5189,7.332,-6.853,5.943,-5.642,4.363,-4.185,3.431,-3.33,2.434,-2.407
79948,2026-09-15 17:00:00+00:00,76335.75,0.02038,0.9728341357576621,0.5212,7.342,-7.071,5.941,-5.818,4.323,-4.281,3.408,-3.387,2.402,-2.423
79972,2026-09-16 17:00:00+00:00,75706.12,0.021869999999999997,0.9728341357576621,0.5221,7.404,-7.185,6.118,-6.004,4.561,-4.528,3.498,-3.525,2.567,-2.588
79996,2026-09-17 17:00:00+00:00,76670.0,0.02226,0.9859661455629104,0.5017,7.634,-7.33,6.159,-6.014,4.462,-4.408,3.527,-3.492,2.487,-2.522
80020,2026-09-18 17:00:00+00:00,80824.21,0.02097,0.9782637435422792,0.5126,7.108,-6.566,5.702,-5.34,4.134,-3.903,3.285,-3.127,2.314,-2.268
80044,2026-09-19 17:00:00+00:00,81819.98,0.01712,0.9782637435422792,0.527,6.022,-5.745,4.859,-4.695,3.557,-3.459,2.835,-2.764,1.985,-1.984
80068,2026-09-20 17:00:00+00:00,81295.84,0.0172,0.9782637435422792,0.5237,6.311,-6.032,5.049,-4.9,3.645,-3.567,2.885,-2.829,2.047,-2.04
80092,2026-09-21 17:00:00+00:00,85962.83,0.02566,0.9859661455629104,0.5578,8.881,-7.97,7.228,-6.565,5.312,-4.887,4.093,-3.883,2.976,-2.829
80116,2026-09-22 17:00:00+00:00,86447.39,0.025910000000000002,0.9900384222354337,0.5231,9.936,-9.114,7.859,-7.371,5.578,-5.312,4.367,-4.187,3.114,-3.015
80140,2026-09-23 17:00:00+00:00,84026.5,0.022629999999999997,0.9782637435422792,0.5135,8.167,-7.848,6.56,-6.418,4.741,-4.696,3.753,-3.727,2.642,-2.678
80164,2026-09-24 17:00:00+00:00,84473.52,0.02245,0.9900384222354337,0.509,7.561,-7.245,6.116,-5.946,4.447,-4.367,3.493,-3.469,2.478,-2.51
80188,2026-09-25 17:00:00+00:00,83732.18,0.01977,0.9928247275900517,0.5324,6.363,-6.239,5.179,-5.117,3.824,-3.799,2.941,-3.006,2.168,-2.175
80212,2026-09-26 17:00:00+00:00,84105.57,0.012,0.9928247275900517,0.512,4.148,-4.011,3.397,-3.313,2.516,-2.467,1.955,-1.954,1.405,-1.402
80236,2026-09-27 17:00:00+00:00,84416.6,0.01447,0.9855121471398031,0.511,5.481,-5.263,4.357,-4.239,3.133,-3.071,2.473,-2.427,1.759,-1.749
80260,2026-09-28 17:00:00+00:00,83692.44,0.02146,0.9826330703733077,0.521,7.566,-7.262,6.108,-5.959,4.454,-4.393,3.546,-3.502,2.486,-2.523
80284,2026-09-29 17:00:00+00:00,83036.28,0.01964,0.9889718614479217,0.5127,6.872,-6.59,5.621,-5.47,4.167,-4.098,3.233,-3.254,2.35,-2.362
80308,2026-09-30 17:00:00+00:00,84292.94,0.0206,0.9826330703733077,0.5098,6.832,-6.62,5.644,-5.523,4.221,-4.173,3.25,-3.25,2.401,-2.404
80332,2026-10-01 17:00:00+00:00,84154.26,0.021019999999999997,0.9855121471398031,0.5112,7.497,-7.219,5.951,-5.832,4.215,-4.18,3.304,-3.282,2.353,-2.356
80356,2026-10-02 17:00:00+00:00,85144.54,0.02025,0.9928247275900517,0.5205,6.587,-6.365,5.346,-5.218,3.945,-3.877,3.069,-3.085,2.235,-2.228
80380,2026-10-03 17:00:00+00:00,84857.61,0.01274,0.9928247275900517,0.5282,4.165,-4.146,3.442,-3.441,2.572,-2.581,1.972,-2.0,1.449,-1.465
80404,2026-10-04 17:00:00+00:00,85368.2,0.01333,0.9900384222354337,0.5087,5.623,-5.269,4.36,-4.128,3.058,-3.004,2.299,-2.21,1.614,-1.562
80428,2026-10-05 17:00:00+00:00,85297.79,0.02015,0.9928247275900517,0.5289,6.873,-6.563,5.644,-5.45,4.179,-4.076,3.195,-3.208,2.344,-2.332
80452,2026-10-06 17:00:00+00:00,85590.0,0.01899,1.004822729934181,0.5146,7.265,-6.828,5.816,-5.56,4.19,-4.05,3.296,-3.199,2.34,-2.289
80476,2026-10-07 17:00:00+00:00,83342.89,0.01908,1.003828741125536,0.5293,6.706,-6.568,5.416,-5.396,3.928,-3.944,3.103,-3.111,2.174,-2.219
80500,2026-10-08 17:00:00+00:00,80892.45,0.02198,1.0052908256174558,0.5148,8.015,-7.771,6.269,-6.197,4.309,-4.408,3.316,-3.33,2.323,-2.348
80524,2026-10-09 17:00:00+00:00,82676.78,0.016579999999999998,1.0071514661933254,0.5022,5.48,-5.315,4.437,-4.342,3.248,-3.197,2.57,-2.549,1.818,-1.839
